-- AGENCE
USE BDD_IT_Training;
SELECT * FROM AGENCE ;
INSERT INTO AGENCE VALUES ('Grand Ouest','0299568542','','Mike','Bonheur','mike.bonheur@gmail.com','0633659556') ;
INSERT INTO AGENCE VALUES ('Ile de France','0299568543','','John','Tempo','john.tempo@gmail.com','0633659856') ;
INSERT INTO AGENCE VALUES ('Sud Ouest','0299568545','','Elise','Roulier','elise.roulier@gmail.com','0633653216') ;
INSERT INTO AGENCE VALUES ('Sud Est','0299568548','','Julie','Loclaire','julie.loclaire@gmail.com','0633655646') ;
INSERT INTO AGENCE VALUES ('Nord Est','0299568659','','Ronny','Stones','ronny.stones@gmail.com','0633789556') ;
INSERT INTO AGENCE VALUES ('Nord','0299568532','','Bob','Floyd','bob.floyd@gmail.com','0633589556') ;
SELECT * FROM dbo.AGENCE ;

UPDATE AGENCE set ADRESSE_AGENCE = '48 rue Julie Tambour - Rennes'  where ZONE_GEOGRAHIQUE ='Grand Ouest';
UPDATE AGENCE set ADRESSE_AGENCE = '89 rue Loyd - Paris'  where ZONE_GEOGRAHIQUE ='Ile de France';
UPDATE AGENCE set ADRESSE_AGENCE = '33 rue Caramel - Bordeaux'  where ZONE_GEOGRAHIQUE ='Sud Ouest';
UPDATE AGENCE set ADRESSE_AGENCE = '12 rue Coppa Libre - Marseille'  where ZONE_GEOGRAHIQUE ='Sud Est';
UPDATE AGENCE set ADRESSE_AGENCE = '75 rue Victoire - Metz'  where ZONE_GEOGRAHIQUE ='Nord Est';
UPDATE AGENCE set ADRESSE_AGENCE = '33 rue Joh Isner - Lille'  where ZONE_GEOGRAHIQUE ='Nord';

INSERT INTO RESPONSABLE_FORMATION VALUES ('Jon','Elias','0698235685','jon.elias@gmail.com') ;


-- Responsable formation
INSERT INTO RESPONSABLE_FORMATION VALUES ('Dupont','Alex','0625847596','alex.dupont@gmail.com') ;
INSERT INTO RESPONSABLE_FORMATION VALUES ('Schmitt','Franck','0625142595','franck.schmitt@gmail.com') ;
INSERT INTO RESPONSABLE_FORMATION VALUES ('Heinrich','Joseph','0614986532','joseph.heinrich@gmail.com') ;
INSERT INTO RESPONSABLE_FORMATION VALUES ('Muller','Laure','0625847563','laure.muller@gmail.com') ;
SELECT * FROM dbo.RESPONSABLE_FORMATION ;


-- Formations
INSERT INTO FORMATION VALUES ('JAVA/JEE', 2) ;
INSERT INTO FORMATION VALUES ('PHP', 4) ;
INSERT INTO FORMATION VALUES ('Langages du Web', 4) ;
INSERT INTO FORMATION VALUES ('C#', 3) ;
INSERT INTO FORMATION VALUES ('C++', 3) ;
INSERT INTO FORMATION VALUES ('JavaScript', 4) ;
INSERT INTO FORMATION VALUES ('Ajax', 4) ;
INSERT INTO FORMATION VALUES ('XML', 2) ;
INSERT INTO FORMATION VALUES ('Python', 1) ;
INSERT INTO FORMATION VALUES ('Perl', 1) ;
SELECT * FROM dbo.FORMATION ;

-- Modules
INSERT INTO MODULE VALUES ( 'Initiation à la programmation',85.63,2) ;
INSERT INTO MODULE VALUES ( 'Algorithmique',110.25,3) ;
INSERT INTO MODULE VALUES ( 'JAVA',237.49,5) ;
INSERT INTO MODULE VALUES ( 'C++',325.12,8) ;
INSERT INTO MODULE VALUES ( 'C#',287.36,7) ;
INSERT INTO MODULE VALUES ( 'Ajax',124.32,3) ;
INSERT INTO MODULE VALUES ( 'SQL',154.96,3) ;
INSERT INTO MODULE VALUES ( 'HTML/CSS',123.45,3) ;
INSERT INTO MODULE VALUES ( 'Angular',234.56,5) ;
INSERT INTO MODULE VALUES ( 'API',221.35,4) ;
INSERT INTO MODULE VALUES ( 'Javascript',154.78,3) ;
INSERT INTO MODULE VALUES ( 'PHP',154.78,3) ;
INSERT INTO MODULE VALUES ( 'Python',184.32,4) ;
INSERT INTO MODULE VALUES ( 'Perl',145.96,3) ;
INSERT INTO MODULE VALUES ( 'XML',124.23,2) ;
INSERT INTO MODULE VALUES ( 'Spring',284.36,5) ;
SELECT * FROM dbo.MODULE ;


-- Formateur
INSERT INTO FORMATEUR VALUES ('Delpierre', 'Adrien', 8.2,'0684579532','adrien.delpierre@gmail.com', '12 rue du camelcase 35000 Rennes', 118.25,'Grand Ouest',98,1) ;
INSERT INTO FORMATEUR VALUES ('Bilger', 'Antoine', 5.6,'0674659832','antoine.bilger@gmail.com', '52 rue des fusilles 75213 Paris', 84.21,'Ile de France',52,1) ;
INSERT INTO FORMATEUR VALUES ('Baccon', 'Erwan', 8.1,'0674215936','erwan.baccon@gmail.com', '15 avenue de Sodebo 44000 Nantes', 142.32,'Grand Ouest',149,2) ;
INSERT INTO FORMATEUR VALUES ('Grater', 'Laurent', 9.2,'0654219536','grater.laurent@gmail.com', '87 avenue du treillis 59000', 123.65,'Nord',253,2) ;
INSERT INTO FORMATEUR VALUES ('Poltin', 'Jacques', 7.3,'0645986321','jacques.poltin@gmail.com', '12 rue du Maine 75214 Paris', 102.35,'Ile de France',53,3) ;
INSERT INTO FORMATEUR VALUES ('Bourdin', 'Jean-Jacques', 7.7,'0684659632','jjacques.bourdin@gmail.com', '15 rue du puit 14000 Montpellier', 121.37,'Sud Ouest',84,3) ;
INSERT INTO FORMATEUR VALUES ('Juvin', 'Christian', 7.7,'0687546391','christian.juvin@gmail.com', '5 rue du general Leclerc 54000 Metz', 107.21,'Nord Est',87,4) ;
INSERT INTO FORMATEUR VALUES ('Rocket', 'Rasta', 6.7,'0674653212','rasta.rocket@gmail.com', '18 rue de la vieille ville 13000 Marseille', 97.85,'Sud Est',85,5) ;
INSERT INTO FORMATEUR VALUES ('Milter', 'Laura', 7.5,'0678543269','laura.milter@gmail.com', '47 avenue de la poterie 13000 Marseille', 136.84,'Sud Est',81,5) ;
INSERT INTO FORMATEUR VALUES ('Trello', 'Tristan', 9.2,'0612346578','tristan.trello@gmail.com', '12 rue du port 57000 Nancy', 146.32,'Nord Est',122,6) ;


SELECT * FROM dbo.FORMATEUR;









-- SALLES 
-- Grand Ouest
INSERT INTO dbo.SALLES VALUES('1','Papillon',15) ;
INSERT INTO dbo.SALLES VALUES('1','Libellule',15) ;
INSERT INTO dbo.SALLES VALUES('1','Scarabee',15) ;
INSERT INTO dbo.SALLES VALUES('1','Larve',15) ;

-- Ile de France
INSERT INTO dbo.SALLES VALUES('2','Chat',15) ;
INSERT INTO dbo.SALLES VALUES('2','Chien',15) ;
INSERT INTO dbo.SALLES VALUES('2','Lapin',15) ;
INSERT INTO dbo.SALLES VALUES('2','Hamster',15) ;

-- Sud Ouest
INSERT INTO dbo.SALLES VALUES('3','Jonquille',15) ;
INSERT INTO dbo.SALLES VALUES('3','Pissenlit',15) ;
INSERT INTO dbo.SALLES VALUES('3','Iris',15) ;
INSERT INTO dbo.SALLES VALUES('3','Capucine',15) ;

-- Sud Est
INSERT INTO dbo.SALLES VALUES('4','Golf',15) ;
INSERT INTO dbo.SALLES VALUES('4','Mercedes',15) ;
INSERT INTO dbo.SALLES VALUES('4','Peugeot',15) ;
INSERT INTO dbo.SALLES VALUES('4','Jaguar',15) ;

-- Nord Est
INSERT INTO dbo.SALLES VALUES('5','Guitar',15) ;
INSERT INTO dbo.SALLES VALUES('5','Piano',15) ;
INSERT INTO dbo.SALLES VALUES('5','Clarinette',15) ;
INSERT INTO dbo.SALLES VALUES('5','Flute',15) ;

-- Nord Ouest
INSERT INTO dbo.SALLES VALUES('6','Orge',15) ;
INSERT INTO dbo.SALLES VALUES('6','Chanvre',15) ;
INSERT INTO dbo.SALLES VALUES('6','Ble',15) ;
INSERT INTO dbo.SALLES VALUES('6','Avoine',15) ;
SELECT * FROM SALLES ;

--Planification formation
DELETE FROM PLANIFICATION_FORMATION
INSERT INTO PLANIFICATION_FORMATION VALUES (1, 3, '2022-03-10',0,0) ;
INSERT INTO PLANIFICATION_FORMATION VALUES (3, 4, '2022-03-10',1,1) ;
INSERT INTO PLANIFICATION_FORMATION VALUES (6, 7, '2022-03-10',1,1) ;
INSERT INTO PLANIFICATION_FORMATION VALUES (2, 6, '2022-03-10',0,1) ;
SELECT * FROM dbo.PLANIFICATION_FORMATION ;

-- Sessions
INSERT INTO dbo.SESSION VALUES (1, 2, 5.4) ;
INSERT INTO dbo.SESSION VALUES (4, 1,  6.2) ;
INSERT INTO dbo.SESSION VALUES (2, 5, 8.4) ;
INSERT INTO dbo.SESSION VALUES (3, 3, 9.1) ;
SELECT * FROM dbo.SESSION;

-- Module - Formation
INSERT INTO dbo.MODULE_FORMATION VALUES (1,1) ;
INSERT INTO dbo.MODULE_FORMATION VALUES (1,2) ;
INSERT INTO dbo.MODULE_FORMATION VALUES (1,3) ;
INSERT INTO dbo.MODULE_FORMATION VALUES (1,7) ;
INSERT INTO dbo.MODULE_FORMATION VALUES (1,8) ;
INSERT INTO dbo.MODULE_FORMATION VALUES (1,9) ;
INSERT INTO dbo.MODULE_FORMATION VALUES (1,10) ;
INSERT INTO dbo.MODULE_FORMATION VALUES (1,16) ;

INSERT INTO dbo.MODULE_FORMATION VALUES (2,1) ;
INSERT INTO dbo.MODULE_FORMATION VALUES (2,2) ;
INSERT INTO dbo.MODULE_FORMATION VALUES (2,6) ;
INSERT INTO dbo.MODULE_FORMATION VALUES (2,8) ;
INSERT INTO dbo.MODULE_FORMATION VALUES (2,9) ;
INSERT INTO dbo.MODULE_FORMATION VALUES (2,11) ;
INSERT INTO dbo.MODULE_FORMATION VALUES (2,12) ;
INSERT INTO dbo.MODULE_FORMATION VALUES (2,16) ;

INSERT INTO dbo.MODULE_FORMATION VALUES (3,1) ;
INSERT INTO dbo.MODULE_FORMATION VALUES (3,2) ;
INSERT INTO dbo.MODULE_FORMATION VALUES (3,6) ;
INSERT INTO dbo.MODULE_FORMATION VALUES (3,8) ;
INSERT INTO dbo.MODULE_FORMATION VALUES (3,9) ;
INSERT INTO dbo.MODULE_FORMATION VALUES (3,11) ;
INSERT INTO dbo.MODULE_FORMATION VALUES (3,12) ;
INSERT INTO dbo.MODULE_FORMATION VALUES (3,15) ;
INSERT INTO dbo.MODULE_FORMATION VALUES (3,16) ;

INSERT INTO dbo.MODULE_FORMATION VALUES (4,1) ;
INSERT INTO dbo.MODULE_FORMATION VALUES (4,2) ;
INSERT INTO dbo.MODULE_FORMATION VALUES (4,5) ;
INSERT INTO dbo.MODULE_FORMATION VALUES (4,7) ;
INSERT INTO dbo.MODULE_FORMATION VALUES (4,16) ;

INSERT INTO dbo.MODULE_FORMATION VALUES (5,1) ;
INSERT INTO dbo.MODULE_FORMATION VALUES (5,2) ;
INSERT INTO dbo.MODULE_FORMATION VALUES (5,4) ;
INSERT INTO dbo.MODULE_FORMATION VALUES (5,16) ;

INSERT INTO dbo.MODULE_FORMATION VALUES (6,1) ;
INSERT INTO dbo.MODULE_FORMATION VALUES (6,2) ;
INSERT INTO dbo.MODULE_FORMATION VALUES (6,3) ;
INSERT INTO dbo.MODULE_FORMATION VALUES (6,7) ;
INSERT INTO dbo.MODULE_FORMATION VALUES (6,8) ;
INSERT INTO dbo.MODULE_FORMATION VALUES (6,9) ;
INSERT INTO dbo.MODULE_FORMATION VALUES (6,11) ;

INSERT INTO dbo.MODULE_FORMATION VALUES (7,1) ;
INSERT INTO dbo.MODULE_FORMATION VALUES (7,2) ;
INSERT INTO dbo.MODULE_FORMATION VALUES (7,6) ;
INSERT INTO dbo.MODULE_FORMATION VALUES (7,8) ;
INSERT INTO dbo.MODULE_FORMATION VALUES (7,9) ;
INSERT INTO dbo.MODULE_FORMATION VALUES (7,11) ;
INSERT INTO dbo.MODULE_FORMATION VALUES (7,15) ;

INSERT INTO dbo.MODULE_FORMATION VALUES (8,1) ;
INSERT INTO dbo.MODULE_FORMATION VALUES (8,2) ;
INSERT INTO dbo.MODULE_FORMATION VALUES (8,6) ;
INSERT INTO dbo.MODULE_FORMATION VALUES (8,8) ;
INSERT INTO dbo.MODULE_FORMATION VALUES (8,9) ;
INSERT INTO dbo.MODULE_FORMATION VALUES (8,15) ;

INSERT INTO dbo.MODULE_FORMATION VALUES (9,1) ;
INSERT INTO dbo.MODULE_FORMATION VALUES (9,7) ;
INSERT INTO dbo.MODULE_FORMATION VALUES (9,8) ;
INSERT INTO dbo.MODULE_FORMATION VALUES (9,10) ;
INSERT INTO dbo.MODULE_FORMATION VALUES (9,13) ;

INSERT INTO dbo.MODULE_FORMATION VALUES (10,1) ;
INSERT INTO dbo.MODULE_FORMATION VALUES (10,2) ;
INSERT INTO dbo.MODULE_FORMATION VALUES (10,5) ;
INSERT INTO dbo.MODULE_FORMATION VALUES (10,7) ;
INSERT INTO dbo.MODULE_FORMATION VALUES (10,8) ;
INSERT INTO dbo.MODULE_FORMATION VALUES (10,11) ;
INSERT INTO dbo.MODULE_FORMATION VALUES (10,14) ;
INSERT INTO dbo.MODULE_FORMATION VALUES (10,15) ;

SELECT * FROM dbo.MODULE_FORMATION;

-- CIENTS INTRA
INSERT INTO CLIENTS_INTRA VALUES('Sopra Steria','Loyd','Jimmy','jimmy.loyd@gmail.com','0633659852','johnny');
INSERT INTO CLIENTS_INTRA VALUES('Capgemini','Glory','Rod','glory.rod@gmail.com','0633895852','glory');
INSERT INTO CLIENTS_INTRA VALUES('Alten','Florie','Tuli','florie.tuli@gmail.com','0637849852','florie');
INSERT INTO CLIENTS_INTRA VALUES('Atos','Ronny','Harper','ronny.harper@gmail.com','0633659785','ronny');
INSERT INTO CLIENTS_INTRA VALUES('Ausy','Jun','Lili','jun.lili@gmail.com','0636359852','jun');
INSERT INTO CLIENTS_INTRA VALUES('VeoNum','Iuo','Wang','iuo.wang@gmail.com','0633652592','wang');
INSERT INTO CLIENTS_INTRA VALUES('IBM','Loli','Riu','loli.riu@gmail.com','0687459852','riu');
select * from CLIENTS_INTRA;


-- CLIENTS INTER 
INSERT INTO CLIENTS_INTER VALUES('Doli','Prane','dolie.prane@gmail.com','0623569585','doliprane');
INSERT INTO CLIENTS_INTER VALUES('Ronny','Turiaf','ronny.turiaf@gmail.com','0686969585','ronnyturiaf');
INSERT INTO CLIENTS_INTER VALUES('Bob','Cousie','bob.cousie@gmail.com','0686969585','bobcousie');
select * from CLIENTS_INTER;
select * from INTER_PLANIFICATION ;
SELECT ID_SALLE, DATE_DEBUT, O.ID_PLANIFICATION,VALIDER,CIBLE ,NOM_FORMATION, FORMATION.ID_FORMATION,RESPONSABLE_FORMATION.ID_RESPONSABLE, NOM_RESPONSABLE,PRENOM_RESPONSABLE,MAIL_RESPONSABLE,TELEPHONE_RESPONSABLE,nombreInscrit,
NOM_MODULE, MODULE.ID_MODULE ,PRIX, NOMBRE_JOUR
FROM PLANIFICATION_FORMATION O LEFT JOIN (SELECT COUNT(p.ID_CLIENT) as 'nombreInscrit' , t.ID_PLANIFICATION FROM PLANIFICATION_FORMATION t  LEFT JOIN INTER_PLANIFICATION p
ON t.ID_PLANIFICATION = p.ID_PLANIFICATION GROUP BY t.ID_PLANIFICATION) A ON A.ID_PLANIFICATION = O.ID_PLANIFICATION JOIN FORMATION ON
			O.ID_FORMATION = FORMATION.ID_FORMATION JOIN RESPONSABLE_FORMATION on FORMATION.ID_RESPONSABLE = RESPONSABLE_FORMATION.ID_RESPONSABLE
			JOIN MODULE_FORMATION ON FORMATION.ID_FORMATION = MODULE_FORMATION.ID_FORMATION JOIN MODULE ON MODULE.ID_MODULE = MODULE_FORMATION.ID_MODULE
			
			;

-- Materiels
INSERT INTO dbo.MATERIEL VALUES ('1','Souris','2022-01-01') ;
INSERT INTO dbo.MATERIEL VALUES ('1','Souris','2022-01-01') ;
INSERT INTO dbo.MATERIEL VALUES ('1','Souris','2022-01-01') ;
INSERT INTO dbo.MATERIEL VALUES ('1','Souris','2022-01-01') ;
INSERT INTO dbo.MATERIEL VALUES ('1','Souris','2022-01-01') ;
INSERT INTO dbo.MATERIEL VALUES ('1','Souris','2022-01-01') ;
INSERT INTO dbo.MATERIEL VALUES ('1','Souris','2022-01-01') ;
INSERT INTO dbo.MATERIEL VALUES ('1','Souris','2022-01-01') ;
INSERT INTO dbo.MATERIEL VALUES ('1','Souris','2022-01-01') ;
INSERT INTO dbo.MATERIEL VALUES ('1','Souris','2022-01-01') ;
INSERT INTO dbo.MATERIEL VALUES ('1','Souris','2022-01-01') ;
INSERT INTO dbo.MATERIEL VALUES ('1','Souris','2022-01-01') ;
INSERT INTO dbo.MATERIEL VALUES ('1','Souris','2022-01-01') ;
INSERT INTO dbo.MATERIEL VALUES ('1','Souris','2022-01-01') ;
INSERT INTO dbo.MATERIEL VALUES ('1','Souris','2022-01-01') ;
INSERT INTO dbo.MATERIEL VALUES ('1','Souris','2022-01-01') ;
INSERT INTO dbo.MATERIEL VALUES ('1','Souris','2022-01-01') ;
INSERT INTO dbo.MATERIEL VALUES ('1','Souris','2022-01-01') ;
INSERT INTO dbo.MATERIEL VALUES ('1','Souris','2022-01-01') ;
INSERT INTO dbo.MATERIEL VALUES ('1','Souris','2022-01-01') ;
INSERT INTO dbo.MATERIEL VALUES ('1','Souris','2022-01-01') ;
INSERT INTO dbo.MATERIEL VALUES ('1','Souris','2022-01-01') ;
INSERT INTO dbo.MATERIEL VALUES ('1','Souris','2022-01-01') ;
INSERT INTO dbo.MATERIEL VALUES ('1','Souris','2022-01-01') ;
INSERT INTO dbo.MATERIEL VALUES ('1','Souris','2022-01-01') ;
INSERT INTO dbo.MATERIEL VALUES ('1','Souris','2022-01-01') ;
INSERT INTO dbo.MATERIEL VALUES ('1','Souris','2022-01-01') ;
INSERT INTO dbo.MATERIEL VALUES ('1','Souris','2022-01-01') ;
INSERT INTO dbo.MATERIEL VALUES ('1','Souris','2022-01-01') ;
INSERT INTO dbo.MATERIEL VALUES ('1','Souris','2022-01-01') ;
INSERT INTO dbo.MATERIEL VALUES ('1','Souris','2022-01-01') ;
INSERT INTO dbo.MATERIEL VALUES ('1','Souris','2022-01-01') ;
INSERT INTO dbo.MATERIEL VALUES ('1','Souris','2022-01-01') ;
INSERT INTO dbo.MATERIEL VALUES ('1','Souris','2022-01-01') ;
INSERT INTO dbo.MATERIEL VALUES ('1','Souris','2022-01-01') ;
INSERT INTO dbo.MATERIEL VALUES ('1','Souris','2022-01-01') ;
INSERT INTO dbo.MATERIEL VALUES ('1','Souris','2022-01-01') ;
INSERT INTO dbo.MATERIEL VALUES ('1','Souris','2022-01-01') ;
INSERT INTO dbo.MATERIEL VALUES ('1','Souris','2022-01-01') ;
INSERT INTO dbo.MATERIEL VALUES ('1','Souris','2022-01-01') ;
INSERT INTO dbo.MATERIEL VALUES ('1','Souris','2022-01-01') ;
INSERT INTO dbo.MATERIEL VALUES ('1','Souris','2022-01-01') ;
INSERT INTO dbo.MATERIEL VALUES ('1','Souris','2022-01-01') ;
INSERT INTO dbo.MATERIEL VALUES ('1','Souris','2022-01-01') ;
INSERT INTO dbo.MATERIEL VALUES ('1','Souris','2022-01-01') ;
INSERT INTO dbo.MATERIEL VALUES ('1','Souris','2022-01-01') ;
INSERT INTO dbo.MATERIEL VALUES ('1','Souris','2022-01-01') ;
INSERT INTO dbo.MATERIEL VALUES ('1','Souris','2022-01-01') ;

INSERT INTO dbo.MATERIEL VALUES ('1','Ordinateur','2022-01-01') ;
INSERT INTO dbo.MATERIEL VALUES ('1','Ordinateur','2022-01-01') ;
INSERT INTO dbo.MATERIEL VALUES ('1','Ordinateur','2022-01-01') ;
INSERT INTO dbo.MATERIEL VALUES ('1','Ordinateur','2022-01-01') ;
INSERT INTO dbo.MATERIEL VALUES ('1','Ordinateur','2022-01-01') ;
INSERT INTO dbo.MATERIEL VALUES ('1','Ordinateur','2022-01-01') ;
INSERT INTO dbo.MATERIEL VALUES ('1','Ordinateur','2022-01-01') ;
INSERT INTO dbo.MATERIEL VALUES ('1','Ordinateur','2022-01-01') ;
INSERT INTO dbo.MATERIEL VALUES ('1','Ordinateur','2022-01-01') ;
INSERT INTO dbo.MATERIEL VALUES ('1','Ordinateur','2022-01-01') ;
INSERT INTO dbo.MATERIEL VALUES ('1','Ordinateur','2022-01-01') ;
INSERT INTO dbo.MATERIEL VALUES ('1','Ordinateur','2022-01-01') ;
INSERT INTO dbo.MATERIEL VALUES ('1','Ordinateur','2022-01-01') ;
INSERT INTO dbo.MATERIEL VALUES ('1','Ordinateur','2022-01-01') ;
INSERT INTO dbo.MATERIEL VALUES ('1','Ordinateur','2022-01-01') ;
INSERT INTO dbo.MATERIEL VALUES ('1','Ordinateur','2022-01-01') ;
INSERT INTO dbo.MATERIEL VALUES ('1','Ordinateur','2022-01-01') ;
INSERT INTO dbo.MATERIEL VALUES ('1','Ordinateur','2022-01-01') ;
INSERT INTO dbo.MATERIEL VALUES ('1','Ordinateur','2022-01-01') ;
INSERT INTO dbo.MATERIEL VALUES ('1','Ordinateur','2022-01-01') ;
INSERT INTO dbo.MATERIEL VALUES ('1','Ordinateur','2022-01-01') ;
INSERT INTO dbo.MATERIEL VALUES ('1','Ordinateur','2022-01-01') ;
INSERT INTO dbo.MATERIEL VALUES ('1','Ordinateur','2022-01-01') ;
INSERT INTO dbo.MATERIEL VALUES ('1','Ordinateur','2022-01-01') ;
INSERT INTO dbo.MATERIEL VALUES ('1','Ordinateur','2022-01-01') ;
INSERT INTO dbo.MATERIEL VALUES ('1','Ordinateur','2022-01-01') ;
INSERT INTO dbo.MATERIEL VALUES ('1','Ordinateur','2022-01-01') ;
INSERT INTO dbo.MATERIEL VALUES ('1','Ordinateur','2022-01-01') ;
INSERT INTO dbo.MATERIEL VALUES ('1','Ordinateur','2022-01-01') ;
INSERT INTO dbo.MATERIEL VALUES ('1','Ordinateur','2022-01-01') ;
INSERT INTO dbo.MATERIEL VALUES ('1','Ordinateur','2022-01-01') ;
INSERT INTO dbo.MATERIEL VALUES ('1','Ordinateur','2022-01-01') ;
INSERT INTO dbo.MATERIEL VALUES ('1','Ordinateur','2022-01-01') ;
INSERT INTO dbo.MATERIEL VALUES ('1','Ordinateur','2022-01-01') ;
INSERT INTO dbo.MATERIEL VALUES ('1','Ordinateur','2022-01-01') ;
INSERT INTO dbo.MATERIEL VALUES ('1','Ordinateur','2022-01-01') ;
INSERT INTO dbo.MATERIEL VALUES ('1','Ordinateur','2022-01-01') ;
INSERT INTO dbo.MATERIEL VALUES ('1','Ordinateur','2022-01-01') ;
INSERT INTO dbo.MATERIEL VALUES ('1','Ordinateur','2022-01-01') ;
INSERT INTO dbo.MATERIEL VALUES ('1','Ordinateur','2022-01-01') ;
INSERT INTO dbo.MATERIEL VALUES ('1','Ordinateur','2022-01-01') ;
INSERT INTO dbo.MATERIEL VALUES ('1','Ordinateur','2022-01-01') ;
INSERT INTO dbo.MATERIEL VALUES ('1','Ordinateur','2022-01-01') ;
INSERT INTO dbo.MATERIEL VALUES ('1','Ordinateur','2022-01-01') ;
INSERT INTO dbo.MATERIEL VALUES ('1','Ordinateur','2022-01-01') ;
INSERT INTO dbo.MATERIEL VALUES ('1','Ordinateur','2022-01-01') ;
INSERT INTO dbo.MATERIEL VALUES ('1','Ordinateur','2022-01-01') ;
INSERT INTO dbo.MATERIEL VALUES ('1','Ordinateur','2022-01-01') ;

INSERT INTO dbo.MATERIEL VALUES ('1','Ecran','2022-01-01') ;
INSERT INTO dbo.MATERIEL VALUES ('1','Ecran','2022-01-01') ;
INSERT INTO dbo.MATERIEL VALUES ('1','Ecran','2022-01-01') ;
INSERT INTO dbo.MATERIEL VALUES ('1','Ecran','2022-01-01') ;
INSERT INTO dbo.MATERIEL VALUES ('1','Ecran','2022-01-01') ;
INSERT INTO dbo.MATERIEL VALUES ('1','Ecran','2022-01-01') ;
INSERT INTO dbo.MATERIEL VALUES ('1','Ecran','2022-01-01') ;
INSERT INTO dbo.MATERIEL VALUES ('1','Ecran','2022-01-01') ;
INSERT INTO dbo.MATERIEL VALUES ('1','Ecran','2022-01-01') ;
INSERT INTO dbo.MATERIEL VALUES ('1','Ecran','2022-01-01') ;
INSERT INTO dbo.MATERIEL VALUES ('1','Ecran','2022-01-01') ;
INSERT INTO dbo.MATERIEL VALUES ('1','Ecran','2022-01-01') ;
INSERT INTO dbo.MATERIEL VALUES ('1','Ecran','2022-01-01') ;
INSERT INTO dbo.MATERIEL VALUES ('1','Ecran','2022-01-01') ;
INSERT INTO dbo.MATERIEL VALUES ('1','Ecran','2022-01-01') ;
INSERT INTO dbo.MATERIEL VALUES ('1','Ecran','2022-01-01') ;
INSERT INTO dbo.MATERIEL VALUES ('1','Ecran','2022-01-01') ;
INSERT INTO dbo.MATERIEL VALUES ('1','Ecran','2022-01-01') ;
INSERT INTO dbo.MATERIEL VALUES ('1','Ecran','2022-01-01') ;
INSERT INTO dbo.MATERIEL VALUES ('1','Ecran','2022-01-01') ;
INSERT INTO dbo.MATERIEL VALUES ('1','Ecran','2022-01-01') ;
INSERT INTO dbo.MATERIEL VALUES ('1','Ecran','2022-01-01') ;
INSERT INTO dbo.MATERIEL VALUES ('1','Ecran','2022-01-01') ;
INSERT INTO dbo.MATERIEL VALUES ('1','Ecran','2022-01-01') ;
INSERT INTO dbo.MATERIEL VALUES ('1','Ecran','2022-01-01') ;
INSERT INTO dbo.MATERIEL VALUES ('1','Ecran','2022-01-01') ;
INSERT INTO dbo.MATERIEL VALUES ('1','Ecran','2022-01-01') ;
INSERT INTO dbo.MATERIEL VALUES ('1','Ecran','2022-01-01') ;
INSERT INTO dbo.MATERIEL VALUES ('1','Ecran','2022-01-01') ;
INSERT INTO dbo.MATERIEL VALUES ('1','Ecran','2022-01-01') ;
INSERT INTO dbo.MATERIEL VALUES ('1','Ecran','2022-01-01') ;
INSERT INTO dbo.MATERIEL VALUES ('1','Ecran','2022-01-01') ;
INSERT INTO dbo.MATERIEL VALUES ('1','Ecran','2022-01-01') ;
INSERT INTO dbo.MATERIEL VALUES ('1','Ecran','2022-01-01') ;
INSERT INTO dbo.MATERIEL VALUES ('1','Ecran','2022-01-01') ;
INSERT INTO dbo.MATERIEL VALUES ('1','Ecran','2022-01-01') ;
INSERT INTO dbo.MATERIEL VALUES ('1','Ecran','2022-01-01') ;
INSERT INTO dbo.MATERIEL VALUES ('1','Ecran','2022-01-01') ;
INSERT INTO dbo.MATERIEL VALUES ('1','Ecran','2022-01-01') ;
INSERT INTO dbo.MATERIEL VALUES ('1','Ecran','2022-01-01') ;
INSERT INTO dbo.MATERIEL VALUES ('1','Ecran','2022-01-01') ;
INSERT INTO dbo.MATERIEL VALUES ('1','Ecran','2022-01-01') ;
INSERT INTO dbo.MATERIEL VALUES ('1','Ecran','2022-01-01') ;
INSERT INTO dbo.MATERIEL VALUES ('1','Ecran','2022-01-01') ;
INSERT INTO dbo.MATERIEL VALUES ('1','Ecran','2022-01-01') ;
INSERT INTO dbo.MATERIEL VALUES ('1','Ecran','2022-01-01') ;
INSERT INTO dbo.MATERIEL VALUES ('1','Ecran','2022-01-01') ;
INSERT INTO dbo.MATERIEL VALUES ('1','Ecran','2022-01-01') ;


INSERT INTO dbo.MATERIEL VALUES ('2','Souris','2022-01-01') ;
INSERT INTO dbo.MATERIEL VALUES ('2','Souris','2022-01-01') ;
INSERT INTO dbo.MATERIEL VALUES ('2','Souris','2022-01-01') ;
INSERT INTO dbo.MATERIEL VALUES ('2','Souris','2022-01-01') ;
INSERT INTO dbo.MATERIEL VALUES ('2','Souris','2022-01-01') ;
INSERT INTO dbo.MATERIEL VALUES ('2','Souris','2022-01-01') ;
INSERT INTO dbo.MATERIEL VALUES ('2','Souris','2022-01-01') ;
INSERT INTO dbo.MATERIEL VALUES ('2','Souris','2022-01-01') ;
INSERT INTO dbo.MATERIEL VALUES ('2','Souris','2022-01-01') ;
INSERT INTO dbo.MATERIEL VALUES ('2','Souris','2022-01-01') ;
INSERT INTO dbo.MATERIEL VALUES ('2','Souris','2022-01-01') ;
INSERT INTO dbo.MATERIEL VALUES ('2','Souris','2022-01-01') ;
INSERT INTO dbo.MATERIEL VALUES ('2','Souris','2022-01-01') ;
INSERT INTO dbo.MATERIEL VALUES ('2','Souris','2022-01-01') ;
INSERT INTO dbo.MATERIEL VALUES ('2','Souris','2022-01-01') ;
INSERT INTO dbo.MATERIEL VALUES ('2','Souris','2022-01-01') ;
INSERT INTO dbo.MATERIEL VALUES ('2','Souris','2022-01-01') ;
INSERT INTO dbo.MATERIEL VALUES ('2','Souris','2022-01-01') ;
INSERT INTO dbo.MATERIEL VALUES ('2','Souris','2022-01-01') ;
INSERT INTO dbo.MATERIEL VALUES ('2','Souris','2022-01-01') ;
INSERT INTO dbo.MATERIEL VALUES ('2','Souris','2022-01-01') ;
INSERT INTO dbo.MATERIEL VALUES ('2','Souris','2022-01-01') ;
INSERT INTO dbo.MATERIEL VALUES ('2','Souris','2022-01-01') ;
INSERT INTO dbo.MATERIEL VALUES ('2','Souris','2022-01-01') ;
INSERT INTO dbo.MATERIEL VALUES ('2','Souris','2022-01-01') ;
INSERT INTO dbo.MATERIEL VALUES ('2','Souris','2022-01-01') ;
INSERT INTO dbo.MATERIEL VALUES ('2','Souris','2022-01-01') ;
INSERT INTO dbo.MATERIEL VALUES ('2','Souris','2022-01-01') ;
INSERT INTO dbo.MATERIEL VALUES ('2','Souris','2022-01-01') ;
INSERT INTO dbo.MATERIEL VALUES ('2','Souris','2022-01-01') ;
INSERT INTO dbo.MATERIEL VALUES ('2','Souris','2022-01-01') ;
INSERT INTO dbo.MATERIEL VALUES ('2','Souris','2022-01-01') ;
INSERT INTO dbo.MATERIEL VALUES ('2','Souris','2022-01-01') ;
INSERT INTO dbo.MATERIEL VALUES ('2','Souris','2022-01-01') ;
INSERT INTO dbo.MATERIEL VALUES ('2','Souris','2022-01-01') ;
INSERT INTO dbo.MATERIEL VALUES ('2','Souris','2022-01-01') ;
INSERT INTO dbo.MATERIEL VALUES ('2','Souris','2022-01-01') ;
INSERT INTO dbo.MATERIEL VALUES ('2','Souris','2022-01-01') ;
INSERT INTO dbo.MATERIEL VALUES ('2','Souris','2022-01-01') ;
INSERT INTO dbo.MATERIEL VALUES ('2','Souris','2022-01-01') ;
INSERT INTO dbo.MATERIEL VALUES ('2','Souris','2022-01-01') ;
INSERT INTO dbo.MATERIEL VALUES ('2','Souris','2022-01-01') ;
INSERT INTO dbo.MATERIEL VALUES ('2','Souris','2022-01-01') ;
INSERT INTO dbo.MATERIEL VALUES ('2','Souris','2022-01-01') ;
INSERT INTO dbo.MATERIEL VALUES ('2','Souris','2022-01-01') ;
INSERT INTO dbo.MATERIEL VALUES ('2','Souris','2022-01-01') ;
INSERT INTO dbo.MATERIEL VALUES ('2','Souris','2022-01-01') ;
INSERT INTO dbo.MATERIEL VALUES ('2','Souris','2022-01-01') ;

INSERT INTO dbo.MATERIEL VALUES ('2','Ordinateur','2022-01-01') ;
INSERT INTO dbo.MATERIEL VALUES ('2','Ordinateur','2022-01-01') ;
INSERT INTO dbo.MATERIEL VALUES ('2','Ordinateur','2022-01-01') ;
INSERT INTO dbo.MATERIEL VALUES ('2','Ordinateur','2022-01-01') ;
INSERT INTO dbo.MATERIEL VALUES ('2','Ordinateur','2022-01-01') ;
INSERT INTO dbo.MATERIEL VALUES ('2','Ordinateur','2022-01-01') ;
INSERT INTO dbo.MATERIEL VALUES ('2','Ordinateur','2022-01-01') ;
INSERT INTO dbo.MATERIEL VALUES ('2','Ordinateur','2022-01-01') ;
INSERT INTO dbo.MATERIEL VALUES ('2','Ordinateur','2022-01-01') ;
INSERT INTO dbo.MATERIEL VALUES ('2','Ordinateur','2022-01-01') ;
INSERT INTO dbo.MATERIEL VALUES ('2','Ordinateur','2022-01-01') ;
INSERT INTO dbo.MATERIEL VALUES ('2','Ordinateur','2022-01-01') ;
INSERT INTO dbo.MATERIEL VALUES ('2','Ordinateur','2022-01-01') ;
INSERT INTO dbo.MATERIEL VALUES ('2','Ordinateur','2022-01-01') ;
INSERT INTO dbo.MATERIEL VALUES ('2','Ordinateur','2022-01-01') ;
INSERT INTO dbo.MATERIEL VALUES ('2','Ordinateur','2022-01-01') ;
INSERT INTO dbo.MATERIEL VALUES ('2','Ordinateur','2022-01-01') ;
INSERT INTO dbo.MATERIEL VALUES ('2','Ordinateur','2022-01-01') ;
INSERT INTO dbo.MATERIEL VALUES ('2','Ordinateur','2022-01-01') ;
INSERT INTO dbo.MATERIEL VALUES ('2','Ordinateur','2022-01-01') ;
INSERT INTO dbo.MATERIEL VALUES ('2','Ordinateur','2022-01-01') ;
INSERT INTO dbo.MATERIEL VALUES ('2','Ordinateur','2022-01-01') ;
INSERT INTO dbo.MATERIEL VALUES ('2','Ordinateur','2022-01-01') ;
INSERT INTO dbo.MATERIEL VALUES ('2','Ordinateur','2022-01-01') ;
INSERT INTO dbo.MATERIEL VALUES ('2','Ordinateur','2022-01-01') ;
INSERT INTO dbo.MATERIEL VALUES ('2','Ordinateur','2022-01-01') ;
INSERT INTO dbo.MATERIEL VALUES ('2','Ordinateur','2022-01-01') ;
INSERT INTO dbo.MATERIEL VALUES ('2','Ordinateur','2022-01-01') ;
INSERT INTO dbo.MATERIEL VALUES ('2','Ordinateur','2022-01-01') ;
INSERT INTO dbo.MATERIEL VALUES ('2','Ordinateur','2022-01-01') ;
INSERT INTO dbo.MATERIEL VALUES ('2','Ordinateur','2022-01-01') ;
INSERT INTO dbo.MATERIEL VALUES ('2','Ordinateur','2022-01-01') ;
INSERT INTO dbo.MATERIEL VALUES ('2','Ordinateur','2022-01-01') ;
INSERT INTO dbo.MATERIEL VALUES ('2','Ordinateur','2022-01-01') ;
INSERT INTO dbo.MATERIEL VALUES ('2','Ordinateur','2022-01-01') ;
INSERT INTO dbo.MATERIEL VALUES ('2','Ordinateur','2022-01-01') ;
INSERT INTO dbo.MATERIEL VALUES ('2','Ordinateur','2022-01-01') ;
INSERT INTO dbo.MATERIEL VALUES ('2','Ordinateur','2022-01-01') ;
INSERT INTO dbo.MATERIEL VALUES ('2','Ordinateur','2022-01-01') ;
INSERT INTO dbo.MATERIEL VALUES ('2','Ordinateur','2022-01-01') ;
INSERT INTO dbo.MATERIEL VALUES ('2','Ordinateur','2022-01-01') ;
INSERT INTO dbo.MATERIEL VALUES ('2','Ordinateur','2022-01-01') ;
INSERT INTO dbo.MATERIEL VALUES ('2','Ordinateur','2022-01-01') ;
INSERT INTO dbo.MATERIEL VALUES ('2','Ordinateur','2022-01-01') ;
INSERT INTO dbo.MATERIEL VALUES ('2','Ordinateur','2022-01-01') ;
INSERT INTO dbo.MATERIEL VALUES ('2','Ordinateur','2022-01-01') ;
INSERT INTO dbo.MATERIEL VALUES ('2','Ordinateur','2022-01-01') ;
INSERT INTO dbo.MATERIEL VALUES ('2','Ordinateur','2022-01-01') ;

INSERT INTO dbo.MATERIEL VALUES ('2','Ecran','2022-01-01') ;
INSERT INTO dbo.MATERIEL VALUES ('2','Ecran','2022-01-01') ;
INSERT INTO dbo.MATERIEL VALUES ('2','Ecran','2022-01-01') ;
INSERT INTO dbo.MATERIEL VALUES ('2','Ecran','2022-01-01') ;
INSERT INTO dbo.MATERIEL VALUES ('2','Ecran','2022-01-01') ;
INSERT INTO dbo.MATERIEL VALUES ('2','Ecran','2022-01-01') ;
INSERT INTO dbo.MATERIEL VALUES ('2','Ecran','2022-01-01') ;
INSERT INTO dbo.MATERIEL VALUES ('2','Ecran','2022-01-01') ;
INSERT INTO dbo.MATERIEL VALUES ('2','Ecran','2022-01-01') ;
INSERT INTO dbo.MATERIEL VALUES ('2','Ecran','2022-01-01') ;
INSERT INTO dbo.MATERIEL VALUES ('2','Ecran','2022-01-01') ;
INSERT INTO dbo.MATERIEL VALUES ('2','Ecran','2022-01-01') ;
INSERT INTO dbo.MATERIEL VALUES ('2','Ecran','2022-01-01') ;
INSERT INTO dbo.MATERIEL VALUES ('2','Ecran','2022-01-01') ;
INSERT INTO dbo.MATERIEL VALUES ('2','Ecran','2022-01-01') ;
INSERT INTO dbo.MATERIEL VALUES ('2','Ecran','2022-01-01') ;
INSERT INTO dbo.MATERIEL VALUES ('2','Ecran','2022-01-01') ;
INSERT INTO dbo.MATERIEL VALUES ('2','Ecran','2022-01-01') ;
INSERT INTO dbo.MATERIEL VALUES ('2','Ecran','2022-01-01') ;
INSERT INTO dbo.MATERIEL VALUES ('2','Ecran','2022-01-01') ;
INSERT INTO dbo.MATERIEL VALUES ('2','Ecran','2022-01-01') ;
INSERT INTO dbo.MATERIEL VALUES ('2','Ecran','2022-01-01') ;
INSERT INTO dbo.MATERIEL VALUES ('2','Ecran','2022-01-01') ;
INSERT INTO dbo.MATERIEL VALUES ('2','Ecran','2022-01-01') ;
INSERT INTO dbo.MATERIEL VALUES ('2','Ecran','2022-01-01') ;
INSERT INTO dbo.MATERIEL VALUES ('2','Ecran','2022-01-01') ;
INSERT INTO dbo.MATERIEL VALUES ('2','Ecran','2022-01-01') ;
INSERT INTO dbo.MATERIEL VALUES ('2','Ecran','2022-01-01') ;
INSERT INTO dbo.MATERIEL VALUES ('2','Ecran','2022-01-01') ;
INSERT INTO dbo.MATERIEL VALUES ('2','Ecran','2022-01-01') ;
INSERT INTO dbo.MATERIEL VALUES ('2','Ecran','2022-01-01') ;
INSERT INTO dbo.MATERIEL VALUES ('2','Ecran','2022-01-01') ;
INSERT INTO dbo.MATERIEL VALUES ('2','Ecran','2022-01-01') ;
INSERT INTO dbo.MATERIEL VALUES ('2','Ecran','2022-01-01') ;
INSERT INTO dbo.MATERIEL VALUES ('2','Ecran','2022-01-01') ;
INSERT INTO dbo.MATERIEL VALUES ('2','Ecran','2022-01-01') ;
INSERT INTO dbo.MATERIEL VALUES ('2','Ecran','2022-01-01') ;
INSERT INTO dbo.MATERIEL VALUES ('2','Ecran','2022-01-01') ;
INSERT INTO dbo.MATERIEL VALUES ('2','Ecran','2022-01-01') ;
INSERT INTO dbo.MATERIEL VALUES ('2','Ecran','2022-01-01') ;
INSERT INTO dbo.MATERIEL VALUES ('2','Ecran','2022-01-01') ;
INSERT INTO dbo.MATERIEL VALUES ('2','Ecran','2022-01-01') ;
INSERT INTO dbo.MATERIEL VALUES ('2','Ecran','2022-01-01') ;
INSERT INTO dbo.MATERIEL VALUES ('2','Ecran','2022-01-01') ;
INSERT INTO dbo.MATERIEL VALUES ('2','Ecran','2022-01-01') ;
INSERT INTO dbo.MATERIEL VALUES ('2','Ecran','2022-01-01') ;
INSERT INTO dbo.MATERIEL VALUES ('2','Ecran','2022-01-01') ;
INSERT INTO dbo.MATERIEL VALUES ('2','Ecran','2022-01-01') ;

INSERT INTO dbo.MATERIEL VALUES ('3','Souris','2022-01-01') ;
INSERT INTO dbo.MATERIEL VALUES ('3','Souris','2022-01-01') ;
INSERT INTO dbo.MATERIEL VALUES ('3','Souris','2022-01-01') ;
INSERT INTO dbo.MATERIEL VALUES ('3','Souris','2022-01-01') ;
INSERT INTO dbo.MATERIEL VALUES ('3','Souris','2022-01-01') ;
INSERT INTO dbo.MATERIEL VALUES ('3','Souris','2022-01-01') ;
INSERT INTO dbo.MATERIEL VALUES ('3','Souris','2022-01-01') ;
INSERT INTO dbo.MATERIEL VALUES ('3','Souris','2022-01-01') ;
INSERT INTO dbo.MATERIEL VALUES ('3','Souris','2022-01-01') ;
INSERT INTO dbo.MATERIEL VALUES ('3','Souris','2022-01-01') ;
INSERT INTO dbo.MATERIEL VALUES ('3','Souris','2022-01-01') ;
INSERT INTO dbo.MATERIEL VALUES ('3','Souris','2022-01-01') ;
INSERT INTO dbo.MATERIEL VALUES ('3','Souris','2022-01-01') ;
INSERT INTO dbo.MATERIEL VALUES ('3','Souris','2022-01-01') ;
INSERT INTO dbo.MATERIEL VALUES ('3','Souris','2022-01-01') ;
INSERT INTO dbo.MATERIEL VALUES ('3','Souris','2022-01-01') ;
INSERT INTO dbo.MATERIEL VALUES ('3','Souris','2022-01-01') ;
INSERT INTO dbo.MATERIEL VALUES ('3','Souris','2022-01-01') ;
INSERT INTO dbo.MATERIEL VALUES ('3','Souris','2022-01-01') ;
INSERT INTO dbo.MATERIEL VALUES ('3','Souris','2022-01-01') ;
INSERT INTO dbo.MATERIEL VALUES ('3','Souris','2022-01-01') ;
INSERT INTO dbo.MATERIEL VALUES ('3','Souris','2022-01-01') ;
INSERT INTO dbo.MATERIEL VALUES ('3','Souris','2022-01-01') ;
INSERT INTO dbo.MATERIEL VALUES ('3','Souris','2022-01-01') ;
INSERT INTO dbo.MATERIEL VALUES ('3','Souris','2022-01-01') ;
INSERT INTO dbo.MATERIEL VALUES ('3','Souris','2022-01-01') ;
INSERT INTO dbo.MATERIEL VALUES ('3','Souris','2022-01-01') ;
INSERT INTO dbo.MATERIEL VALUES ('3','Souris','2022-01-01') ;
INSERT INTO dbo.MATERIEL VALUES ('3','Souris','2022-01-01') ;
INSERT INTO dbo.MATERIEL VALUES ('3','Souris','2022-01-01') ;
INSERT INTO dbo.MATERIEL VALUES ('3','Souris','2022-01-01') ;
INSERT INTO dbo.MATERIEL VALUES ('3','Souris','2022-01-01') ;
INSERT INTO dbo.MATERIEL VALUES ('3','Souris','2022-01-01') ;
INSERT INTO dbo.MATERIEL VALUES ('3','Souris','2022-01-01') ;
INSERT INTO dbo.MATERIEL VALUES ('3','Souris','2022-01-01') ;
INSERT INTO dbo.MATERIEL VALUES ('3','Souris','2022-01-01') ;
INSERT INTO dbo.MATERIEL VALUES ('3','Souris','2022-01-01') ;
INSERT INTO dbo.MATERIEL VALUES ('3','Souris','2022-01-01') ;
INSERT INTO dbo.MATERIEL VALUES ('3','Souris','2022-01-01') ;
INSERT INTO dbo.MATERIEL VALUES ('3','Souris','2022-01-01') ;
INSERT INTO dbo.MATERIEL VALUES ('3','Souris','2022-01-01') ;
INSERT INTO dbo.MATERIEL VALUES ('3','Souris','2022-01-01') ;
INSERT INTO dbo.MATERIEL VALUES ('3','Souris','2022-01-01') ;
INSERT INTO dbo.MATERIEL VALUES ('3','Souris','2022-01-01') ;
INSERT INTO dbo.MATERIEL VALUES ('3','Souris','2022-01-01') ;
INSERT INTO dbo.MATERIEL VALUES ('3','Souris','2022-01-01') ;
INSERT INTO dbo.MATERIEL VALUES ('3','Souris','2022-01-01') ;
INSERT INTO dbo.MATERIEL VALUES ('3','Souris','2022-01-01') ;

INSERT INTO dbo.MATERIEL VALUES ('3','Ordinateur','2022-01-01') ;
INSERT INTO dbo.MATERIEL VALUES ('3','Ordinateur','2022-01-01') ;
INSERT INTO dbo.MATERIEL VALUES ('3','Ordinateur','2022-01-01') ;
INSERT INTO dbo.MATERIEL VALUES ('3','Ordinateur','2022-01-01') ;
INSERT INTO dbo.MATERIEL VALUES ('3','Ordinateur','2022-01-01') ;
INSERT INTO dbo.MATERIEL VALUES ('3','Ordinateur','2022-01-01') ;
INSERT INTO dbo.MATERIEL VALUES ('3','Ordinateur','2022-01-01') ;
INSERT INTO dbo.MATERIEL VALUES ('3','Ordinateur','2022-01-01') ;
INSERT INTO dbo.MATERIEL VALUES ('3','Ordinateur','2022-01-01') ;
INSERT INTO dbo.MATERIEL VALUES ('3','Ordinateur','2022-01-01') ;
INSERT INTO dbo.MATERIEL VALUES ('3','Ordinateur','2022-01-01') ;
INSERT INTO dbo.MATERIEL VALUES ('3','Ordinateur','2022-01-01') ;
INSERT INTO dbo.MATERIEL VALUES ('3','Ordinateur','2022-01-01') ;
INSERT INTO dbo.MATERIEL VALUES ('3','Ordinateur','2022-01-01') ;
INSERT INTO dbo.MATERIEL VALUES ('3','Ordinateur','2022-01-01') ;
INSERT INTO dbo.MATERIEL VALUES ('3','Ordinateur','2022-01-01') ;
INSERT INTO dbo.MATERIEL VALUES ('3','Ordinateur','2022-01-01') ;
INSERT INTO dbo.MATERIEL VALUES ('3','Ordinateur','2022-01-01') ;
INSERT INTO dbo.MATERIEL VALUES ('3','Ordinateur','2022-01-01') ;
INSERT INTO dbo.MATERIEL VALUES ('3','Ordinateur','2022-01-01') ;
INSERT INTO dbo.MATERIEL VALUES ('3','Ordinateur','2022-01-01') ;
INSERT INTO dbo.MATERIEL VALUES ('3','Ordinateur','2022-01-01') ;
INSERT INTO dbo.MATERIEL VALUES ('3','Ordinateur','2022-01-01') ;
INSERT INTO dbo.MATERIEL VALUES ('3','Ordinateur','2022-01-01') ;
INSERT INTO dbo.MATERIEL VALUES ('3','Ordinateur','2022-01-01') ;
INSERT INTO dbo.MATERIEL VALUES ('3','Ordinateur','2022-01-01') ;
INSERT INTO dbo.MATERIEL VALUES ('3','Ordinateur','2022-01-01') ;
INSERT INTO dbo.MATERIEL VALUES ('3','Ordinateur','2022-01-01') ;
INSERT INTO dbo.MATERIEL VALUES ('3','Ordinateur','2022-01-01') ;
INSERT INTO dbo.MATERIEL VALUES ('3','Ordinateur','2022-01-01') ;
INSERT INTO dbo.MATERIEL VALUES ('3','Ordinateur','2022-01-01') ;
INSERT INTO dbo.MATERIEL VALUES ('3','Ordinateur','2022-01-01') ;
INSERT INTO dbo.MATERIEL VALUES ('3','Ordinateur','2022-01-01') ;
INSERT INTO dbo.MATERIEL VALUES ('3','Ordinateur','2022-01-01') ;
INSERT INTO dbo.MATERIEL VALUES ('3','Ordinateur','2022-01-01') ;
INSERT INTO dbo.MATERIEL VALUES ('3','Ordinateur','2022-01-01') ;
INSERT INTO dbo.MATERIEL VALUES ('3','Ordinateur','2022-01-01') ;
INSERT INTO dbo.MATERIEL VALUES ('3','Ordinateur','2022-01-01') ;
INSERT INTO dbo.MATERIEL VALUES ('3','Ordinateur','2022-01-01') ;
INSERT INTO dbo.MATERIEL VALUES ('3','Ordinateur','2022-01-01') ;
INSERT INTO dbo.MATERIEL VALUES ('3','Ordinateur','2022-01-01') ;
INSERT INTO dbo.MATERIEL VALUES ('3','Ordinateur','2022-01-01') ;
INSERT INTO dbo.MATERIEL VALUES ('3','Ordinateur','2022-01-01') ;
INSERT INTO dbo.MATERIEL VALUES ('3','Ordinateur','2022-01-01') ;
INSERT INTO dbo.MATERIEL VALUES ('3','Ordinateur','2022-01-01') ;
INSERT INTO dbo.MATERIEL VALUES ('3','Ordinateur','2022-01-01') ;
INSERT INTO dbo.MATERIEL VALUES ('3','Ordinateur','2022-01-01') ;
INSERT INTO dbo.MATERIEL VALUES ('3','Ordinateur','2022-01-01') ;

INSERT INTO dbo.MATERIEL VALUES ('3','Ecran','2022-01-01') ;
INSERT INTO dbo.MATERIEL VALUES ('3','Ecran','2022-01-01') ;
INSERT INTO dbo.MATERIEL VALUES ('3','Ecran','2022-01-01') ;
INSERT INTO dbo.MATERIEL VALUES ('3','Ecran','2022-01-01') ;
INSERT INTO dbo.MATERIEL VALUES ('3','Ecran','2022-01-01') ;
INSERT INTO dbo.MATERIEL VALUES ('3','Ecran','2022-01-01') ;
INSERT INTO dbo.MATERIEL VALUES ('3','Ecran','2022-01-01') ;
INSERT INTO dbo.MATERIEL VALUES ('3','Ecran','2022-01-01') ;
INSERT INTO dbo.MATERIEL VALUES ('3','Ecran','2022-01-01') ;
INSERT INTO dbo.MATERIEL VALUES ('3','Ecran','2022-01-01') ;
INSERT INTO dbo.MATERIEL VALUES ('3','Ecran','2022-01-01') ;
INSERT INTO dbo.MATERIEL VALUES ('3','Ecran','2022-01-01') ;
INSERT INTO dbo.MATERIEL VALUES ('3','Ecran','2022-01-01') ;
INSERT INTO dbo.MATERIEL VALUES ('3','Ecran','2022-01-01') ;
INSERT INTO dbo.MATERIEL VALUES ('3','Ecran','2022-01-01') ;
INSERT INTO dbo.MATERIEL VALUES ('3','Ecran','2022-01-01') ;
INSERT INTO dbo.MATERIEL VALUES ('3','Ecran','2022-01-01') ;
INSERT INTO dbo.MATERIEL VALUES ('3','Ecran','2022-01-01') ;
INSERT INTO dbo.MATERIEL VALUES ('3','Ecran','2022-01-01') ;
INSERT INTO dbo.MATERIEL VALUES ('3','Ecran','2022-01-01') ;
INSERT INTO dbo.MATERIEL VALUES ('3','Ecran','2022-01-01') ;
INSERT INTO dbo.MATERIEL VALUES ('3','Ecran','2022-01-01') ;
INSERT INTO dbo.MATERIEL VALUES ('3','Ecran','2022-01-01') ;
INSERT INTO dbo.MATERIEL VALUES ('3','Ecran','2022-01-01') ;
INSERT INTO dbo.MATERIEL VALUES ('3','Ecran','2022-01-01') ;
INSERT INTO dbo.MATERIEL VALUES ('3','Ecran','2022-01-01') ;
INSERT INTO dbo.MATERIEL VALUES ('3','Ecran','2022-01-01') ;
INSERT INTO dbo.MATERIEL VALUES ('3','Ecran','2022-01-01') ;
INSERT INTO dbo.MATERIEL VALUES ('3','Ecran','2022-01-01') ;
INSERT INTO dbo.MATERIEL VALUES ('3','Ecran','2022-01-01') ;
INSERT INTO dbo.MATERIEL VALUES ('3','Ecran','2022-01-01') ;
INSERT INTO dbo.MATERIEL VALUES ('3','Ecran','2022-01-01') ;
INSERT INTO dbo.MATERIEL VALUES ('3','Ecran','2022-01-01') ;
INSERT INTO dbo.MATERIEL VALUES ('3','Ecran','2022-01-01') ;
INSERT INTO dbo.MATERIEL VALUES ('3','Ecran','2022-01-01') ;
INSERT INTO dbo.MATERIEL VALUES ('3','Ecran','2022-01-01') ;
INSERT INTO dbo.MATERIEL VALUES ('3','Ecran','2022-01-01') ;
INSERT INTO dbo.MATERIEL VALUES ('3','Ecran','2022-01-01') ;
INSERT INTO dbo.MATERIEL VALUES ('3','Ecran','2022-01-01') ;
INSERT INTO dbo.MATERIEL VALUES ('3','Ecran','2022-01-01') ;
INSERT INTO dbo.MATERIEL VALUES ('3','Ecran','2022-01-01') ;
INSERT INTO dbo.MATERIEL VALUES ('3','Ecran','2022-01-01') ;
INSERT INTO dbo.MATERIEL VALUES ('3','Ecran','2022-01-01') ;
INSERT INTO dbo.MATERIEL VALUES ('3','Ecran','2022-01-01') ;
INSERT INTO dbo.MATERIEL VALUES ('3','Ecran','2022-01-01') ;
INSERT INTO dbo.MATERIEL VALUES ('3','Ecran','2022-01-01') ;
INSERT INTO dbo.MATERIEL VALUES ('3','Ecran','2022-01-01') ;
INSERT INTO dbo.MATERIEL VALUES ('3','Ecran','2022-01-01') ;

INSERT INTO dbo.MATERIEL VALUES ('4','Souris','2022-01-01') ;
INSERT INTO dbo.MATERIEL VALUES ('4','Souris','2022-01-01') ;
INSERT INTO dbo.MATERIEL VALUES ('4','Souris','2022-01-01') ;
INSERT INTO dbo.MATERIEL VALUES ('4','Souris','2022-01-01') ;
INSERT INTO dbo.MATERIEL VALUES ('4','Souris','2022-01-01') ;
INSERT INTO dbo.MATERIEL VALUES ('4','Souris','2022-01-01') ;
INSERT INTO dbo.MATERIEL VALUES ('4','Souris','2022-01-01') ;
INSERT INTO dbo.MATERIEL VALUES ('4','Souris','2022-01-01') ;
INSERT INTO dbo.MATERIEL VALUES ('4','Souris','2022-01-01') ;
INSERT INTO dbo.MATERIEL VALUES ('4','Souris','2022-01-01') ;
INSERT INTO dbo.MATERIEL VALUES ('4','Souris','2022-01-01') ;
INSERT INTO dbo.MATERIEL VALUES ('4','Souris','2022-01-01') ;
INSERT INTO dbo.MATERIEL VALUES ('4','Souris','2022-01-01') ;
INSERT INTO dbo.MATERIEL VALUES ('4','Souris','2022-01-01') ;
INSERT INTO dbo.MATERIEL VALUES ('4','Souris','2022-01-01') ;
INSERT INTO dbo.MATERIEL VALUES ('4','Souris','2022-01-01') ;
INSERT INTO dbo.MATERIEL VALUES ('4','Souris','2022-01-01') ;
INSERT INTO dbo.MATERIEL VALUES ('4','Souris','2022-01-01') ;
INSERT INTO dbo.MATERIEL VALUES ('4','Souris','2022-01-01') ;
INSERT INTO dbo.MATERIEL VALUES ('4','Souris','2022-01-01') ;
INSERT INTO dbo.MATERIEL VALUES ('4','Souris','2022-01-01') ;
INSERT INTO dbo.MATERIEL VALUES ('4','Souris','2022-01-01') ;
INSERT INTO dbo.MATERIEL VALUES ('4','Souris','2022-01-01') ;
INSERT INTO dbo.MATERIEL VALUES ('4','Souris','2022-01-01') ;
INSERT INTO dbo.MATERIEL VALUES ('4','Souris','2022-01-01') ;
INSERT INTO dbo.MATERIEL VALUES ('4','Souris','2022-01-01') ;
INSERT INTO dbo.MATERIEL VALUES ('4','Souris','2022-01-01') ;
INSERT INTO dbo.MATERIEL VALUES ('4','Souris','2022-01-01') ;
INSERT INTO dbo.MATERIEL VALUES ('4','Souris','2022-01-01') ;
INSERT INTO dbo.MATERIEL VALUES ('4','Souris','2022-01-01') ;
INSERT INTO dbo.MATERIEL VALUES ('4','Souris','2022-01-01') ;
INSERT INTO dbo.MATERIEL VALUES ('4','Souris','2022-01-01') ;
INSERT INTO dbo.MATERIEL VALUES ('4','Souris','2022-01-01') ;
INSERT INTO dbo.MATERIEL VALUES ('4','Souris','2022-01-01') ;
INSERT INTO dbo.MATERIEL VALUES ('4','Souris','2022-01-01') ;
INSERT INTO dbo.MATERIEL VALUES ('4','Souris','2022-01-01') ;
INSERT INTO dbo.MATERIEL VALUES ('4','Souris','2022-01-01') ;
INSERT INTO dbo.MATERIEL VALUES ('4','Souris','2022-01-01') ;
INSERT INTO dbo.MATERIEL VALUES ('4','Souris','2022-01-01') ;
INSERT INTO dbo.MATERIEL VALUES ('4','Souris','2022-01-01') ;
INSERT INTO dbo.MATERIEL VALUES ('4','Souris','2022-01-01') ;
INSERT INTO dbo.MATERIEL VALUES ('4','Souris','2022-01-01') ;
INSERT INTO dbo.MATERIEL VALUES ('4','Souris','2022-01-01') ;
INSERT INTO dbo.MATERIEL VALUES ('4','Souris','2022-01-01') ;
INSERT INTO dbo.MATERIEL VALUES ('4','Souris','2022-01-01') ;
INSERT INTO dbo.MATERIEL VALUES ('4','Souris','2022-01-01') ;
INSERT INTO dbo.MATERIEL VALUES ('4','Souris','2022-01-01') ;
INSERT INTO dbo.MATERIEL VALUES ('4','Souris','2022-01-01') ;

INSERT INTO dbo.MATERIEL VALUES ('4','Ordinateur','2022-01-01') ;
INSERT INTO dbo.MATERIEL VALUES ('4','Ordinateur','2022-01-01') ;
INSERT INTO dbo.MATERIEL VALUES ('4','Ordinateur','2022-01-01') ;
INSERT INTO dbo.MATERIEL VALUES ('4','Ordinateur','2022-01-01') ;
INSERT INTO dbo.MATERIEL VALUES ('4','Ordinateur','2022-01-01') ;
INSERT INTO dbo.MATERIEL VALUES ('4','Ordinateur','2022-01-01') ;
INSERT INTO dbo.MATERIEL VALUES ('4','Ordinateur','2022-01-01') ;
INSERT INTO dbo.MATERIEL VALUES ('4','Ordinateur','2022-01-01') ;
INSERT INTO dbo.MATERIEL VALUES ('4','Ordinateur','2022-01-01') ;
INSERT INTO dbo.MATERIEL VALUES ('4','Ordinateur','2022-01-01') ;
INSERT INTO dbo.MATERIEL VALUES ('4','Ordinateur','2022-01-01') ;
INSERT INTO dbo.MATERIEL VALUES ('4','Ordinateur','2022-01-01') ;
INSERT INTO dbo.MATERIEL VALUES ('4','Ordinateur','2022-01-01') ;
INSERT INTO dbo.MATERIEL VALUES ('4','Ordinateur','2022-01-01') ;
INSERT INTO dbo.MATERIEL VALUES ('4','Ordinateur','2022-01-01') ;
INSERT INTO dbo.MATERIEL VALUES ('4','Ordinateur','2022-01-01') ;
INSERT INTO dbo.MATERIEL VALUES ('4','Ordinateur','2022-01-01') ;
INSERT INTO dbo.MATERIEL VALUES ('4','Ordinateur','2022-01-01') ;
INSERT INTO dbo.MATERIEL VALUES ('4','Ordinateur','2022-01-01') ;
INSERT INTO dbo.MATERIEL VALUES ('4','Ordinateur','2022-01-01') ;
INSERT INTO dbo.MATERIEL VALUES ('4','Ordinateur','2022-01-01') ;
INSERT INTO dbo.MATERIEL VALUES ('4','Ordinateur','2022-01-01') ;
INSERT INTO dbo.MATERIEL VALUES ('4','Ordinateur','2022-01-01') ;
INSERT INTO dbo.MATERIEL VALUES ('4','Ordinateur','2022-01-01') ;
INSERT INTO dbo.MATERIEL VALUES ('4','Ordinateur','2022-01-01') ;
INSERT INTO dbo.MATERIEL VALUES ('4','Ordinateur','2022-01-01') ;
INSERT INTO dbo.MATERIEL VALUES ('4','Ordinateur','2022-01-01') ;
INSERT INTO dbo.MATERIEL VALUES ('4','Ordinateur','2022-01-01') ;
INSERT INTO dbo.MATERIEL VALUES ('4','Ordinateur','2022-01-01') ;
INSERT INTO dbo.MATERIEL VALUES ('4','Ordinateur','2022-01-01') ;
INSERT INTO dbo.MATERIEL VALUES ('4','Ordinateur','2022-01-01') ;
INSERT INTO dbo.MATERIEL VALUES ('4','Ordinateur','2022-01-01') ;
INSERT INTO dbo.MATERIEL VALUES ('4','Ordinateur','2022-01-01') ;
INSERT INTO dbo.MATERIEL VALUES ('4','Ordinateur','2022-01-01') ;
INSERT INTO dbo.MATERIEL VALUES ('4','Ordinateur','2022-01-01') ;
INSERT INTO dbo.MATERIEL VALUES ('4','Ordinateur','2022-01-01') ;
INSERT INTO dbo.MATERIEL VALUES ('4','Ordinateur','2022-01-01') ;
INSERT INTO dbo.MATERIEL VALUES ('4','Ordinateur','2022-01-01') ;
INSERT INTO dbo.MATERIEL VALUES ('4','Ordinateur','2022-01-01') ;
INSERT INTO dbo.MATERIEL VALUES ('4','Ordinateur','2022-01-01') ;
INSERT INTO dbo.MATERIEL VALUES ('4','Ordinateur','2022-01-01') ;
INSERT INTO dbo.MATERIEL VALUES ('4','Ordinateur','2022-01-01') ;
INSERT INTO dbo.MATERIEL VALUES ('4','Ordinateur','2022-01-01') ;
INSERT INTO dbo.MATERIEL VALUES ('4','Ordinateur','2022-01-01') ;
INSERT INTO dbo.MATERIEL VALUES ('4','Ordinateur','2022-01-01') ;
INSERT INTO dbo.MATERIEL VALUES ('4','Ordinateur','2022-01-01') ;
INSERT INTO dbo.MATERIEL VALUES ('4','Ordinateur','2022-01-01') ;
INSERT INTO dbo.MATERIEL VALUES ('4','Ordinateur','2022-01-01') ;

INSERT INTO dbo.MATERIEL VALUES ('4','Ecran','2022-01-01') ;
INSERT INTO dbo.MATERIEL VALUES ('4','Ecran','2022-01-01') ;
INSERT INTO dbo.MATERIEL VALUES ('4','Ecran','2022-01-01') ;
INSERT INTO dbo.MATERIEL VALUES ('4','Ecran','2022-01-01') ;
INSERT INTO dbo.MATERIEL VALUES ('4','Ecran','2022-01-01') ;
INSERT INTO dbo.MATERIEL VALUES ('4','Ecran','2022-01-01') ;
INSERT INTO dbo.MATERIEL VALUES ('4','Ecran','2022-01-01') ;
INSERT INTO dbo.MATERIEL VALUES ('4','Ecran','2022-01-01') ;
INSERT INTO dbo.MATERIEL VALUES ('4','Ecran','2022-01-01') ;
INSERT INTO dbo.MATERIEL VALUES ('4','Ecran','2022-01-01') ;
INSERT INTO dbo.MATERIEL VALUES ('4','Ecran','2022-01-01') ;
INSERT INTO dbo.MATERIEL VALUES ('4','Ecran','2022-01-01') ;
INSERT INTO dbo.MATERIEL VALUES ('4','Ecran','2022-01-01') ;
INSERT INTO dbo.MATERIEL VALUES ('4','Ecran','2022-01-01') ;
INSERT INTO dbo.MATERIEL VALUES ('4','Ecran','2022-01-01') ;
INSERT INTO dbo.MATERIEL VALUES ('4','Ecran','2022-01-01') ;
INSERT INTO dbo.MATERIEL VALUES ('4','Ecran','2022-01-01') ;
INSERT INTO dbo.MATERIEL VALUES ('4','Ecran','2022-01-01') ;
INSERT INTO dbo.MATERIEL VALUES ('4','Ecran','2022-01-01') ;
INSERT INTO dbo.MATERIEL VALUES ('4','Ecran','2022-01-01') ;
INSERT INTO dbo.MATERIEL VALUES ('4','Ecran','2022-01-01') ;
INSERT INTO dbo.MATERIEL VALUES ('4','Ecran','2022-01-01') ;
INSERT INTO dbo.MATERIEL VALUES ('4','Ecran','2022-01-01') ;
INSERT INTO dbo.MATERIEL VALUES ('4','Ecran','2022-01-01') ;
INSERT INTO dbo.MATERIEL VALUES ('4','Ecran','2022-01-01') ;
INSERT INTO dbo.MATERIEL VALUES ('4','Ecran','2022-01-01') ;
INSERT INTO dbo.MATERIEL VALUES ('4','Ecran','2022-01-01') ;
INSERT INTO dbo.MATERIEL VALUES ('4','Ecran','2022-01-01') ;
INSERT INTO dbo.MATERIEL VALUES ('4','Ecran','2022-01-01') ;
INSERT INTO dbo.MATERIEL VALUES ('4','Ecran','2022-01-01') ;
INSERT INTO dbo.MATERIEL VALUES ('4','Ecran','2022-01-01') ;
INSERT INTO dbo.MATERIEL VALUES ('4','Ecran','2022-01-01') ;
INSERT INTO dbo.MATERIEL VALUES ('4','Ecran','2022-01-01') ;
INSERT INTO dbo.MATERIEL VALUES ('4','Ecran','2022-01-01') ;
INSERT INTO dbo.MATERIEL VALUES ('4','Ecran','2022-01-01') ;
INSERT INTO dbo.MATERIEL VALUES ('4','Ecran','2022-01-01') ;
INSERT INTO dbo.MATERIEL VALUES ('4','Ecran','2022-01-01') ;
INSERT INTO dbo.MATERIEL VALUES ('4','Ecran','2022-01-01') ;
INSERT INTO dbo.MATERIEL VALUES ('4','Ecran','2022-01-01') ;
INSERT INTO dbo.MATERIEL VALUES ('4','Ecran','2022-01-01') ;
INSERT INTO dbo.MATERIEL VALUES ('4','Ecran','2022-01-01') ;
INSERT INTO dbo.MATERIEL VALUES ('4','Ecran','2022-01-01') ;
INSERT INTO dbo.MATERIEL VALUES ('4','Ecran','2022-01-01') ;
INSERT INTO dbo.MATERIEL VALUES ('4','Ecran','2022-01-01') ;
INSERT INTO dbo.MATERIEL VALUES ('4','Ecran','2022-01-01') ;
INSERT INTO dbo.MATERIEL VALUES ('4','Ecran','2022-01-01') ;
INSERT INTO dbo.MATERIEL VALUES ('4','Ecran','2022-01-01') ;
INSERT INTO dbo.MATERIEL VALUES ('4','Ecran','2022-01-01') ;

INSERT INTO dbo.MATERIEL VALUES ('5','Souris','2022-01-01') ;
INSERT INTO dbo.MATERIEL VALUES ('5','Souris','2022-01-01') ;
INSERT INTO dbo.MATERIEL VALUES ('5','Souris','2022-01-01') ;
INSERT INTO dbo.MATERIEL VALUES ('5','Souris','2022-01-01') ;
INSERT INTO dbo.MATERIEL VALUES ('5','Souris','2022-01-01') ;
INSERT INTO dbo.MATERIEL VALUES ('5','Souris','2022-01-01') ;
INSERT INTO dbo.MATERIEL VALUES ('5','Souris','2022-01-01') ;
INSERT INTO dbo.MATERIEL VALUES ('5','Souris','2022-01-01') ;
INSERT INTO dbo.MATERIEL VALUES ('5','Souris','2022-01-01') ;
INSERT INTO dbo.MATERIEL VALUES ('5','Souris','2022-01-01') ;
INSERT INTO dbo.MATERIEL VALUES ('5','Souris','2022-01-01') ;
INSERT INTO dbo.MATERIEL VALUES ('5','Souris','2022-01-01') ;
INSERT INTO dbo.MATERIEL VALUES ('5','Souris','2022-01-01') ;
INSERT INTO dbo.MATERIEL VALUES ('5','Souris','2022-01-01') ;
INSERT INTO dbo.MATERIEL VALUES ('5','Souris','2022-01-01') ;
INSERT INTO dbo.MATERIEL VALUES ('5','Souris','2022-01-01') ;
INSERT INTO dbo.MATERIEL VALUES ('5','Souris','2022-01-01') ;
INSERT INTO dbo.MATERIEL VALUES ('5','Souris','2022-01-01') ;
INSERT INTO dbo.MATERIEL VALUES ('5','Souris','2022-01-01') ;
INSERT INTO dbo.MATERIEL VALUES ('5','Souris','2022-01-01') ;
INSERT INTO dbo.MATERIEL VALUES ('5','Souris','2022-01-01') ;
INSERT INTO dbo.MATERIEL VALUES ('5','Souris','2022-01-01') ;
INSERT INTO dbo.MATERIEL VALUES ('5','Souris','2022-01-01') ;
INSERT INTO dbo.MATERIEL VALUES ('5','Souris','2022-01-01') ;
INSERT INTO dbo.MATERIEL VALUES ('5','Souris','2022-01-01') ;
INSERT INTO dbo.MATERIEL VALUES ('5','Souris','2022-01-01') ;
INSERT INTO dbo.MATERIEL VALUES ('5','Souris','2022-01-01') ;
INSERT INTO dbo.MATERIEL VALUES ('5','Souris','2022-01-01') ;
INSERT INTO dbo.MATERIEL VALUES ('5','Souris','2022-01-01') ;
INSERT INTO dbo.MATERIEL VALUES ('5','Souris','2022-01-01') ;
INSERT INTO dbo.MATERIEL VALUES ('5','Souris','2022-01-01') ;
INSERT INTO dbo.MATERIEL VALUES ('5','Souris','2022-01-01') ;
INSERT INTO dbo.MATERIEL VALUES ('5','Souris','2022-01-01') ;
INSERT INTO dbo.MATERIEL VALUES ('5','Souris','2022-01-01') ;
INSERT INTO dbo.MATERIEL VALUES ('5','Souris','2022-01-01') ;
INSERT INTO dbo.MATERIEL VALUES ('5','Souris','2022-01-01') ;
INSERT INTO dbo.MATERIEL VALUES ('5','Souris','2022-01-01') ;
INSERT INTO dbo.MATERIEL VALUES ('5','Souris','2022-01-01') ;
INSERT INTO dbo.MATERIEL VALUES ('5','Souris','2022-01-01') ;
INSERT INTO dbo.MATERIEL VALUES ('5','Souris','2022-01-01') ;
INSERT INTO dbo.MATERIEL VALUES ('5','Souris','2022-01-01') ;
INSERT INTO dbo.MATERIEL VALUES ('5','Souris','2022-01-01') ;
INSERT INTO dbo.MATERIEL VALUES ('5','Souris','2022-01-01') ;
INSERT INTO dbo.MATERIEL VALUES ('5','Souris','2022-01-01') ;
INSERT INTO dbo.MATERIEL VALUES ('5','Souris','2022-01-01') ;
INSERT INTO dbo.MATERIEL VALUES ('5','Souris','2022-01-01') ;
INSERT INTO dbo.MATERIEL VALUES ('5','Souris','2022-01-01') ;
INSERT INTO dbo.MATERIEL VALUES ('5','Souris','2022-01-01') ;

INSERT INTO dbo.MATERIEL VALUES ('5','Ordinateur','2022-01-01') ;
INSERT INTO dbo.MATERIEL VALUES ('5','Ordinateur','2022-01-01') ;
INSERT INTO dbo.MATERIEL VALUES ('5','Ordinateur','2022-01-01') ;
INSERT INTO dbo.MATERIEL VALUES ('5','Ordinateur','2022-01-01') ;
INSERT INTO dbo.MATERIEL VALUES ('5','Ordinateur','2022-01-01') ;
INSERT INTO dbo.MATERIEL VALUES ('5','Ordinateur','2022-01-01') ;
INSERT INTO dbo.MATERIEL VALUES ('5','Ordinateur','2022-01-01') ;
INSERT INTO dbo.MATERIEL VALUES ('5','Ordinateur','2022-01-01') ;
INSERT INTO dbo.MATERIEL VALUES ('5','Ordinateur','2022-01-01') ;
INSERT INTO dbo.MATERIEL VALUES ('5','Ordinateur','2022-01-01') ;
INSERT INTO dbo.MATERIEL VALUES ('5','Ordinateur','2022-01-01') ;
INSERT INTO dbo.MATERIEL VALUES ('5','Ordinateur','2022-01-01') ;
INSERT INTO dbo.MATERIEL VALUES ('5','Ordinateur','2022-01-01') ;
INSERT INTO dbo.MATERIEL VALUES ('5','Ordinateur','2022-01-01') ;
INSERT INTO dbo.MATERIEL VALUES ('5','Ordinateur','2022-01-01') ;
INSERT INTO dbo.MATERIEL VALUES ('5','Ordinateur','2022-01-01') ;
INSERT INTO dbo.MATERIEL VALUES ('5','Ordinateur','2022-01-01') ;
INSERT INTO dbo.MATERIEL VALUES ('5','Ordinateur','2022-01-01') ;
INSERT INTO dbo.MATERIEL VALUES ('5','Ordinateur','2022-01-01') ;
INSERT INTO dbo.MATERIEL VALUES ('5','Ordinateur','2022-01-01') ;
INSERT INTO dbo.MATERIEL VALUES ('5','Ordinateur','2022-01-01') ;
INSERT INTO dbo.MATERIEL VALUES ('5','Ordinateur','2022-01-01') ;
INSERT INTO dbo.MATERIEL VALUES ('5','Ordinateur','2022-01-01') ;
INSERT INTO dbo.MATERIEL VALUES ('5','Ordinateur','2022-01-01') ;
INSERT INTO dbo.MATERIEL VALUES ('5','Ordinateur','2022-01-01') ;
INSERT INTO dbo.MATERIEL VALUES ('5','Ordinateur','2022-01-01') ;
INSERT INTO dbo.MATERIEL VALUES ('5','Ordinateur','2022-01-01') ;
INSERT INTO dbo.MATERIEL VALUES ('5','Ordinateur','2022-01-01') ;
INSERT INTO dbo.MATERIEL VALUES ('5','Ordinateur','2022-01-01') ;
INSERT INTO dbo.MATERIEL VALUES ('5','Ordinateur','2022-01-01') ;
INSERT INTO dbo.MATERIEL VALUES ('5','Ordinateur','2022-01-01') ;
INSERT INTO dbo.MATERIEL VALUES ('5','Ordinateur','2022-01-01') ;
INSERT INTO dbo.MATERIEL VALUES ('5','Ordinateur','2022-01-01') ;
INSERT INTO dbo.MATERIEL VALUES ('5','Ordinateur','2022-01-01') ;
INSERT INTO dbo.MATERIEL VALUES ('5','Ordinateur','2022-01-01') ;
INSERT INTO dbo.MATERIEL VALUES ('5','Ordinateur','2022-01-01') ;
INSERT INTO dbo.MATERIEL VALUES ('5','Ordinateur','2022-01-01') ;
INSERT INTO dbo.MATERIEL VALUES ('5','Ordinateur','2022-01-01') ;
INSERT INTO dbo.MATERIEL VALUES ('5','Ordinateur','2022-01-01') ;
INSERT INTO dbo.MATERIEL VALUES ('5','Ordinateur','2022-01-01') ;
INSERT INTO dbo.MATERIEL VALUES ('5','Ordinateur','2022-01-01') ;
INSERT INTO dbo.MATERIEL VALUES ('5','Ordinateur','2022-01-01') ;
INSERT INTO dbo.MATERIEL VALUES ('5','Ordinateur','2022-01-01') ;
INSERT INTO dbo.MATERIEL VALUES ('5','Ordinateur','2022-01-01') ;
INSERT INTO dbo.MATERIEL VALUES ('5','Ordinateur','2022-01-01') ;
INSERT INTO dbo.MATERIEL VALUES ('5','Ordinateur','2022-01-01') ;
INSERT INTO dbo.MATERIEL VALUES ('5','Ordinateur','2022-01-01') ;
INSERT INTO dbo.MATERIEL VALUES ('5','Ordinateur','2022-01-01') ;

INSERT INTO dbo.MATERIEL VALUES ('5','Ecran','2022-01-01') ;
INSERT INTO dbo.MATERIEL VALUES ('5','Ecran','2022-01-01') ;
INSERT INTO dbo.MATERIEL VALUES ('5','Ecran','2022-01-01') ;
INSERT INTO dbo.MATERIEL VALUES ('5','Ecran','2022-01-01') ;
INSERT INTO dbo.MATERIEL VALUES ('5','Ecran','2022-01-01') ;
INSERT INTO dbo.MATERIEL VALUES ('5','Ecran','2022-01-01') ;
INSERT INTO dbo.MATERIEL VALUES ('5','Ecran','2022-01-01') ;
INSERT INTO dbo.MATERIEL VALUES ('5','Ecran','2022-01-01') ;
INSERT INTO dbo.MATERIEL VALUES ('5','Ecran','2022-01-01') ;
INSERT INTO dbo.MATERIEL VALUES ('5','Ecran','2022-01-01') ;
INSERT INTO dbo.MATERIEL VALUES ('5','Ecran','2022-01-01') ;
INSERT INTO dbo.MATERIEL VALUES ('5','Ecran','2022-01-01') ;
INSERT INTO dbo.MATERIEL VALUES ('5','Ecran','2022-01-01') ;
INSERT INTO dbo.MATERIEL VALUES ('5','Ecran','2022-01-01') ;
INSERT INTO dbo.MATERIEL VALUES ('5','Ecran','2022-01-01') ;
INSERT INTO dbo.MATERIEL VALUES ('5','Ecran','2022-01-01') ;
INSERT INTO dbo.MATERIEL VALUES ('5','Ecran','2022-01-01') ;
INSERT INTO dbo.MATERIEL VALUES ('5','Ecran','2022-01-01') ;
INSERT INTO dbo.MATERIEL VALUES ('5','Ecran','2022-01-01') ;
INSERT INTO dbo.MATERIEL VALUES ('5','Ecran','2022-01-01') ;
INSERT INTO dbo.MATERIEL VALUES ('5','Ecran','2022-01-01') ;
INSERT INTO dbo.MATERIEL VALUES ('5','Ecran','2022-01-01') ;
INSERT INTO dbo.MATERIEL VALUES ('5','Ecran','2022-01-01') ;
INSERT INTO dbo.MATERIEL VALUES ('5','Ecran','2022-01-01') ;
INSERT INTO dbo.MATERIEL VALUES ('5','Ecran','2022-01-01') ;
INSERT INTO dbo.MATERIEL VALUES ('5','Ecran','2022-01-01') ;
INSERT INTO dbo.MATERIEL VALUES ('5','Ecran','2022-01-01') ;
INSERT INTO dbo.MATERIEL VALUES ('5','Ecran','2022-01-01') ;
INSERT INTO dbo.MATERIEL VALUES ('5','Ecran','2022-01-01') ;
INSERT INTO dbo.MATERIEL VALUES ('5','Ecran','2022-01-01') ;
INSERT INTO dbo.MATERIEL VALUES ('5','Ecran','2022-01-01') ;
INSERT INTO dbo.MATERIEL VALUES ('5','Ecran','2022-01-01') ;
INSERT INTO dbo.MATERIEL VALUES ('5','Ecran','2022-01-01') ;
INSERT INTO dbo.MATERIEL VALUES ('5','Ecran','2022-01-01') ;
INSERT INTO dbo.MATERIEL VALUES ('5','Ecran','2022-01-01') ;
INSERT INTO dbo.MATERIEL VALUES ('5','Ecran','2022-01-01') ;
INSERT INTO dbo.MATERIEL VALUES ('5','Ecran','2022-01-01') ;
INSERT INTO dbo.MATERIEL VALUES ('5','Ecran','2022-01-01') ;
INSERT INTO dbo.MATERIEL VALUES ('5','Ecran','2022-01-01') ;
INSERT INTO dbo.MATERIEL VALUES ('5','Ecran','2022-01-01') ;
INSERT INTO dbo.MATERIEL VALUES ('5','Ecran','2022-01-01') ;
INSERT INTO dbo.MATERIEL VALUES ('5','Ecran','2022-01-01') ;
INSERT INTO dbo.MATERIEL VALUES ('5','Ecran','2022-01-01') ;
INSERT INTO dbo.MATERIEL VALUES ('5','Ecran','2022-01-01') ;
INSERT INTO dbo.MATERIEL VALUES ('5','Ecran','2022-01-01') ;
INSERT INTO dbo.MATERIEL VALUES ('5','Ecran','2022-01-01') ;
INSERT INTO dbo.MATERIEL VALUES ('5','Ecran','2022-01-01') ;
INSERT INTO dbo.MATERIEL VALUES ('5','Ecran','2022-01-01') ;

INSERT INTO dbo.MATERIEL VALUES ('6','Souris','2022-01-01') ;
INSERT INTO dbo.MATERIEL VALUES ('6','Souris','2022-01-01') ;
INSERT INTO dbo.MATERIEL VALUES ('6','Souris','2022-01-01') ;
INSERT INTO dbo.MATERIEL VALUES ('6','Souris','2022-01-01') ;
INSERT INTO dbo.MATERIEL VALUES ('6','Souris','2022-01-01') ;
INSERT INTO dbo.MATERIEL VALUES ('6','Souris','2022-01-01') ;
INSERT INTO dbo.MATERIEL VALUES ('6','Souris','2022-01-01') ;
INSERT INTO dbo.MATERIEL VALUES ('6','Souris','2022-01-01') ;
INSERT INTO dbo.MATERIEL VALUES ('6','Souris','2022-01-01') ;
INSERT INTO dbo.MATERIEL VALUES ('6','Souris','2022-01-01') ;
INSERT INTO dbo.MATERIEL VALUES ('6','Souris','2022-01-01') ;
INSERT INTO dbo.MATERIEL VALUES ('6','Souris','2022-01-01') ;
INSERT INTO dbo.MATERIEL VALUES ('6','Souris','2022-01-01') ;
INSERT INTO dbo.MATERIEL VALUES ('6','Souris','2022-01-01') ;
INSERT INTO dbo.MATERIEL VALUES ('6','Souris','2022-01-01') ;
INSERT INTO dbo.MATERIEL VALUES ('6','Souris','2022-01-01') ;
INSERT INTO dbo.MATERIEL VALUES ('6','Souris','2022-01-01') ;
INSERT INTO dbo.MATERIEL VALUES ('6','Souris','2022-01-01') ;
INSERT INTO dbo.MATERIEL VALUES ('6','Souris','2022-01-01') ;
INSERT INTO dbo.MATERIEL VALUES ('6','Souris','2022-01-01') ;
INSERT INTO dbo.MATERIEL VALUES ('6','Souris','2022-01-01') ;
INSERT INTO dbo.MATERIEL VALUES ('6','Souris','2022-01-01') ;
INSERT INTO dbo.MATERIEL VALUES ('6','Souris','2022-01-01') ;
INSERT INTO dbo.MATERIEL VALUES ('6','Souris','2022-01-01') ;
INSERT INTO dbo.MATERIEL VALUES ('6','Souris','2022-01-01') ;
INSERT INTO dbo.MATERIEL VALUES ('6','Souris','2022-01-01') ;
INSERT INTO dbo.MATERIEL VALUES ('6','Souris','2022-01-01') ;
INSERT INTO dbo.MATERIEL VALUES ('6','Souris','2022-01-01') ;
INSERT INTO dbo.MATERIEL VALUES ('6','Souris','2022-01-01') ;
INSERT INTO dbo.MATERIEL VALUES ('6','Souris','2022-01-01') ;
INSERT INTO dbo.MATERIEL VALUES ('6','Souris','2022-01-01') ;
INSERT INTO dbo.MATERIEL VALUES ('6','Souris','2022-01-01') ;
INSERT INTO dbo.MATERIEL VALUES ('6','Souris','2022-01-01') ;
INSERT INTO dbo.MATERIEL VALUES ('6','Souris','2022-01-01') ;
INSERT INTO dbo.MATERIEL VALUES ('6','Souris','2022-01-01') ;
INSERT INTO dbo.MATERIEL VALUES ('6','Souris','2022-01-01') ;
INSERT INTO dbo.MATERIEL VALUES ('6','Souris','2022-01-01') ;
INSERT INTO dbo.MATERIEL VALUES ('6','Souris','2022-01-01') ;
INSERT INTO dbo.MATERIEL VALUES ('6','Souris','2022-01-01') ;
INSERT INTO dbo.MATERIEL VALUES ('6','Souris','2022-01-01') ;
INSERT INTO dbo.MATERIEL VALUES ('6','Souris','2022-01-01') ;
INSERT INTO dbo.MATERIEL VALUES ('6','Souris','2022-01-01') ;
INSERT INTO dbo.MATERIEL VALUES ('6','Souris','2022-01-01') ;
INSERT INTO dbo.MATERIEL VALUES ('6','Souris','2022-01-01') ;
INSERT INTO dbo.MATERIEL VALUES ('6','Souris','2022-01-01') ;
INSERT INTO dbo.MATERIEL VALUES ('6','Souris','2022-01-01') ;
INSERT INTO dbo.MATERIEL VALUES ('6','Souris','2022-01-01') ;
INSERT INTO dbo.MATERIEL VALUES ('6','Souris','2022-01-01') ;

INSERT INTO dbo.MATERIEL VALUES ('6','Ordinateur','2022-01-01') ;
INSERT INTO dbo.MATERIEL VALUES ('6','Ordinateur','2022-01-01') ;
INSERT INTO dbo.MATERIEL VALUES ('6','Ordinateur','2022-01-01') ;
INSERT INTO dbo.MATERIEL VALUES ('6','Ordinateur','2022-01-01') ;
INSERT INTO dbo.MATERIEL VALUES ('6','Ordinateur','2022-01-01') ;
INSERT INTO dbo.MATERIEL VALUES ('6','Ordinateur','2022-01-01') ;
INSERT INTO dbo.MATERIEL VALUES ('6','Ordinateur','2022-01-01') ;
INSERT INTO dbo.MATERIEL VALUES ('6','Ordinateur','2022-01-01') ;
INSERT INTO dbo.MATERIEL VALUES ('6','Ordinateur','2022-01-01') ;
INSERT INTO dbo.MATERIEL VALUES ('6','Ordinateur','2022-01-01') ;
INSERT INTO dbo.MATERIEL VALUES ('6','Ordinateur','2022-01-01') ;
INSERT INTO dbo.MATERIEL VALUES ('6','Ordinateur','2022-01-01') ;
INSERT INTO dbo.MATERIEL VALUES ('6','Ordinateur','2022-01-01') ;
INSERT INTO dbo.MATERIEL VALUES ('6','Ordinateur','2022-01-01') ;
INSERT INTO dbo.MATERIEL VALUES ('6','Ordinateur','2022-01-01') ;
INSERT INTO dbo.MATERIEL VALUES ('6','Ordinateur','2022-01-01') ;
INSERT INTO dbo.MATERIEL VALUES ('6','Ordinateur','2022-01-01') ;
INSERT INTO dbo.MATERIEL VALUES ('6','Ordinateur','2022-01-01') ;
INSERT INTO dbo.MATERIEL VALUES ('6','Ordinateur','2022-01-01') ;
INSERT INTO dbo.MATERIEL VALUES ('6','Ordinateur','2022-01-01') ;
INSERT INTO dbo.MATERIEL VALUES ('6','Ordinateur','2022-01-01') ;
INSERT INTO dbo.MATERIEL VALUES ('6','Ordinateur','2022-01-01') ;
INSERT INTO dbo.MATERIEL VALUES ('6','Ordinateur','2022-01-01') ;
INSERT INTO dbo.MATERIEL VALUES ('6','Ordinateur','2022-01-01') ;
INSERT INTO dbo.MATERIEL VALUES ('6','Ordinateur','2022-01-01') ;
INSERT INTO dbo.MATERIEL VALUES ('6','Ordinateur','2022-01-01') ;
INSERT INTO dbo.MATERIEL VALUES ('6','Ordinateur','2022-01-01') ;
INSERT INTO dbo.MATERIEL VALUES ('6','Ordinateur','2022-01-01') ;
INSERT INTO dbo.MATERIEL VALUES ('6','Ordinateur','2022-01-01') ;
INSERT INTO dbo.MATERIEL VALUES ('6','Ordinateur','2022-01-01') ;
INSERT INTO dbo.MATERIEL VALUES ('6','Ordinateur','2022-01-01') ;
INSERT INTO dbo.MATERIEL VALUES ('6','Ordinateur','2022-01-01') ;
INSERT INTO dbo.MATERIEL VALUES ('6','Ordinateur','2022-01-01') ;
INSERT INTO dbo.MATERIEL VALUES ('6','Ordinateur','2022-01-01') ;
INSERT INTO dbo.MATERIEL VALUES ('6','Ordinateur','2022-01-01') ;
INSERT INTO dbo.MATERIEL VALUES ('6','Ordinateur','2022-01-01') ;
INSERT INTO dbo.MATERIEL VALUES ('6','Ordinateur','2022-01-01') ;
INSERT INTO dbo.MATERIEL VALUES ('6','Ordinateur','2022-01-01') ;
INSERT INTO dbo.MATERIEL VALUES ('6','Ordinateur','2022-01-01') ;
INSERT INTO dbo.MATERIEL VALUES ('6','Ordinateur','2022-01-01') ;
INSERT INTO dbo.MATERIEL VALUES ('6','Ordinateur','2022-01-01') ;
INSERT INTO dbo.MATERIEL VALUES ('6','Ordinateur','2022-01-01') ;
INSERT INTO dbo.MATERIEL VALUES ('6','Ordinateur','2022-01-01') ;
INSERT INTO dbo.MATERIEL VALUES ('6','Ordinateur','2022-01-01') ;
INSERT INTO dbo.MATERIEL VALUES ('6','Ordinateur','2022-01-01') ;
INSERT INTO dbo.MATERIEL VALUES ('6','Ordinateur','2022-01-01') ;
INSERT INTO dbo.MATERIEL VALUES ('6','Ordinateur','2022-01-01') ;
INSERT INTO dbo.MATERIEL VALUES ('6','Ordinateur','2022-01-01') ;

INSERT INTO dbo.MATERIEL VALUES ('6','Ecran','2022-01-01') ;
INSERT INTO dbo.MATERIEL VALUES ('6','Ecran','2022-01-01') ;
INSERT INTO dbo.MATERIEL VALUES ('6','Ecran','2022-01-01') ;
INSERT INTO dbo.MATERIEL VALUES ('6','Ecran','2022-01-01') ;
INSERT INTO dbo.MATERIEL VALUES ('6','Ecran','2022-01-01') ;
INSERT INTO dbo.MATERIEL VALUES ('6','Ecran','2022-01-01') ;
INSERT INTO dbo.MATERIEL VALUES ('6','Ecran','2022-01-01') ;
INSERT INTO dbo.MATERIEL VALUES ('6','Ecran','2022-01-01') ;
INSERT INTO dbo.MATERIEL VALUES ('6','Ecran','2022-01-01') ;
INSERT INTO dbo.MATERIEL VALUES ('6','Ecran','2022-01-01') ;
INSERT INTO dbo.MATERIEL VALUES ('6','Ecran','2022-01-01') ;
INSERT INTO dbo.MATERIEL VALUES ('6','Ecran','2022-01-01') ;
INSERT INTO dbo.MATERIEL VALUES ('6','Ecran','2022-01-01') ;
INSERT INTO dbo.MATERIEL VALUES ('6','Ecran','2022-01-01') ;
INSERT INTO dbo.MATERIEL VALUES ('6','Ecran','2022-01-01') ;
INSERT INTO dbo.MATERIEL VALUES ('6','Ecran','2022-01-01') ;
INSERT INTO dbo.MATERIEL VALUES ('6','Ecran','2022-01-01') ;
INSERT INTO dbo.MATERIEL VALUES ('6','Ecran','2022-01-01') ;
INSERT INTO dbo.MATERIEL VALUES ('6','Ecran','2022-01-01') ;
INSERT INTO dbo.MATERIEL VALUES ('6','Ecran','2022-01-01') ;
INSERT INTO dbo.MATERIEL VALUES ('6','Ecran','2022-01-01') ;
INSERT INTO dbo.MATERIEL VALUES ('6','Ecran','2022-01-01') ;
INSERT INTO dbo.MATERIEL VALUES ('6','Ecran','2022-01-01') ;
INSERT INTO dbo.MATERIEL VALUES ('6','Ecran','2022-01-01') ;
INSERT INTO dbo.MATERIEL VALUES ('6','Ecran','2022-01-01') ;
INSERT INTO dbo.MATERIEL VALUES ('6','Ecran','2022-01-01') ;
INSERT INTO dbo.MATERIEL VALUES ('6','Ecran','2022-01-01') ;
INSERT INTO dbo.MATERIEL VALUES ('6','Ecran','2022-01-01') ;
INSERT INTO dbo.MATERIEL VALUES ('6','Ecran','2022-01-01') ;
INSERT INTO dbo.MATERIEL VALUES ('6','Ecran','2022-01-01') ;
INSERT INTO dbo.MATERIEL VALUES ('6','Ecran','2022-01-01') ;
INSERT INTO dbo.MATERIEL VALUES ('6','Ecran','2022-01-01') ;
INSERT INTO dbo.MATERIEL VALUES ('6','Ecran','2022-01-01') ;
INSERT INTO dbo.MATERIEL VALUES ('6','Ecran','2022-01-01') ;
INSERT INTO dbo.MATERIEL VALUES ('6','Ecran','2022-01-01') ;
INSERT INTO dbo.MATERIEL VALUES ('6','Ecran','2022-01-01') ;
INSERT INTO dbo.MATERIEL VALUES ('6','Ecran','2022-01-01') ;
INSERT INTO dbo.MATERIEL VALUES ('6','Ecran','2022-01-01') ;
INSERT INTO dbo.MATERIEL VALUES ('6','Ecran','2022-01-01') ;
INSERT INTO dbo.MATERIEL VALUES ('6','Ecran','2022-01-01') ;
INSERT INTO dbo.MATERIEL VALUES ('6','Ecran','2022-01-01') ;
INSERT INTO dbo.MATERIEL VALUES ('6','Ecran','2022-01-01') ;
INSERT INTO dbo.MATERIEL VALUES ('6','Ecran','2022-01-01') ;
INSERT INTO dbo.MATERIEL VALUES ('6','Ecran','2022-01-01') ;
INSERT INTO dbo.MATERIEL VALUES ('6','Ecran','2022-01-01') ;
INSERT INTO dbo.MATERIEL VALUES ('6','Ecran','2022-01-01') ;
INSERT INTO dbo.MATERIEL VALUES ('6','Ecran','2022-01-01') ;
INSERT INTO dbo.MATERIEL VALUES ('6','Ecran','2022-01-01') ;
select * from MATERIEL;


-- Th�mes
INSERT INTO dbo.THEMES VALUES ('R�seaux') ;
INSERT INTO dbo.THEMES VALUES ('Syst�me d''exploitation') ;
INSERT INTO dbo.THEMES VALUES ('Gestion des projets') ;
INSERT INTO dbo.THEMES VALUES ('Langages de d�veloppement') ;
select * from THEMES;

-- Sous-th�mes
INSERT INTO dbo.SOUS_THEMES VALUES ('JAVA') ;
INSERT INTO dbo.SOUS_THEMES VALUES ('C#') ;
INSERT INTO dbo.SOUS_THEMES VALUES ('C++') ;
INSERT INTO dbo.SOUS_THEMES VALUES ('Langages du web') ;
select * from SOUS_THEMES;

-- Lien Th�mes sous-th�mes
INSERT INTO dbo.THEME_SOUS_THEMES VALUES ('4','1') ;
INSERT INTO dbo.THEME_SOUS_THEMES VALUES ('4','2') ;
INSERT INTO dbo.THEME_SOUS_THEMES VALUES ('4','3') ;
INSERT INTO dbo.THEME_SOUS_THEMES VALUES ('4','4') ;
select * from THEME_SOUS_THEMES;

-- Lien Formation sous-th�mes
INSERT INTO dbo.FORMATION_SOUS_THEMES VALUES ('1','1') ;
INSERT INTO dbo.FORMATION_SOUS_THEMES VALUES ('2','4') ;
INSERT INTO dbo.FORMATION_SOUS_THEMES VALUES ('3','4') ;
INSERT INTO dbo.FORMATION_SOUS_THEMES VALUES ('4','2') ;
INSERT INTO dbo.FORMATION_SOUS_THEMES VALUES ('5','3') ;
INSERT INTO dbo.FORMATION_SOUS_THEMES VALUES ('6','1') ;
INSERT INTO dbo.FORMATION_SOUS_THEMES VALUES ('7','4') ;
INSERT INTO dbo.FORMATION_SOUS_THEMES VALUES ('8','4') ;
select * from FORMATION_SOUS_THEMES;

SELECT * FROM INTER_PLANIFICATION where  ID_PLANIFICATION = 1 AND ID_CLIENT = 282 ;

DELETE FROM INTER_PLANIFICATION WHERE ID_PLANIFICATION = 60 AND ID_CLIENT = 64 ;

DELETE FROM PLANIFICATION_FORMATION ;
